input,H1072136.JPG,H1072138.JPG,H1072140.JPG,H1072142.JPG,H1072144.JPG
0,,,,,
1,,,,,
2,1.433,0.696,1.118,1.532,2.267
3,2.680,1.550,2.016,2.770,3.616
4,3.739,2.280,2.773,3.833,4.898
5,4.715,2.864,3.469,4.809,6.367
6,5.587,3.388,4.012,5.696,7.470
7,6.735,4.042,4.765,6.839,8.831
8,8.058,4.870,5.564,8.152,10.640
9,9.252,5.639,6.259,9.352,12.207
10,10.332,6.316,6.893,10.418,13.664
11,11.446,7.036,7.601,11.547,15.231
12,12.578,7.824,8.328,12.649,16.724
13,13.664,8.550,9.038,13.688,18.049
14,14.680,9.232,9.670,14.682,19.305
15,15.621,9.882,10.257,15.589,20.510
16,16.541,10.559,10.821,16.476,21.698
17,17.447,11.232,11.395,17.363,22.964
18,18.357,11.903,11.994,18.314,24.370
19,19.313,12.567,12.650,19.329,25.807
20,20.281,13.223,13.324,20.319,27.175
21,21.291,13.901,14.050,21.327,28.696
22,22.311,14.611,14.785,22.318,30.306
23,23.296,15.312,15.492,23.290,31.857
24,24.252,16.010,16.204,24.290,33.429
25,25.219,16.743,16.932,25.292,35.093
26,26.208,17.495,17.707,26.301,36.708
27,27.204,18.254,18.502,27.310,38.204
28,28.209,19.012,19.310,28.330,39.649
29,29.236,19.790,20.132,29.360,41.154
30,30.289,20.593,20.972,30.392,42.656
31,31.367,21.467,21.873,31.450,44.139
32,32.452,22.379,22.807,32.536,45.528
33,33.474,23.287,23.716,33.566,46.820
34,34.453,24.162,24.589,34.561,48.076
35,35.438,24.999,25.434,35.550,49.306
36,36.428,25.815,26.287,36.566,50.579
37,37.436,26.631,27.157,37.558,51.923
38,38.440,27.495,28.083,38.533,53.382
39,39.441,28.396,29.025,39.511,54.895
40,40.417,29.276,29.953,40.485,56.422
41,41.370,30.134,30.870,41.444,57.900
42,42.321,30.962,31.761,42.408,59.349
43,43.290,31.796,32.644,43.384,60.808
44,44.296,32.678,33.559,44.400,62.313
45,45.338,33.585,34.476,45.450,63.852
46,46.408,34.488,35.374,46.527,65.366
47,47.495,35.406,36.288,47.629,66.858
48,48.603,36.335,37.187,48.739,68.327
49,49.702,37.271,38.071,49.843,69.727
50,50.793,38.213,38.979,50.926,71.081
51,51.863,39.152,39.903,52.000,72.430
52,52.933,40.077,40.777,53.060,73.819
53,53.994,41.023,41.679,54.118,75.240
54,55.039,41.976,42.602,55.216,76.681
55,56.127,42.957,43.567,56.339,78.181
56,57.262,43.972,44.555,57.470,79.701
57,58.398,45.018,45.588,58.609,81.289
58,59.528,46.076,46.640,59.726,82.840
59,60.623,47.145,47.715,60.825,84.379
60,61.717,48.202,48.817,61.916,85.910
61,62.790,49.304,49.960,63.005,87.464
62,63.868,50.426,51.116,64.078,89.034
63,64.928,51.555,52.297,65.149,90.592
64,66.006,52.692,53.487,66.217,92.155
65,67.097,53.838,54.666,67.273,93.712
66,68.171,54.929,55.855,68.341,95.263
67,69.249,56.006,56.999,69.416,96.796
68,70.312,57.111,58.201,70.499,98.338
69,71.373,58.213,59.395,71.591,99.874
70,72.446,59.316,60.578,72.678,101.413
71,73.512,60.429,61.755,73.748,102.933
72,74.566,61.543,62.926,74.818,104.445
73,75.628,62.651,64.095,75.864,105.947
74,76.680,63.740,65.301,76.942,107.440
75,77.750,64.808,66.478,78.002,108.825
76,78.801,65.866,67.637,79.062,110.213
77,79.864,66.956,68.832,80.132,111.603
78,80.946,68.051,70.042,81.226,112.984
79,82.021,69.172,71.234,82.287,114.384
80,83.078,70.299,72.447,83.376,115.816
81,84.154,71.444,73.640,84.454,117.231
82,85.244,72.587,74.822,85.544,118.592
83,86.335,73.721,76.009,86.634,119.876
84,87.411,74.839,77.153,87.713,121.110
85,88.484,75.942,78.302,88.765,122.260
86,89.550,77.029,79.399,89.810,123.302
87,90.626,78.098,80.480,90.864,124.271
88,91.706,79.171,81.585,91.968,125.209
89,92.778,80.230,82.673,93.093,126.138
90,93.884,81.308,83.758,94.203,127.010
91,95.004,82.379,84.840,95.342,127.879
92,96.167,83.457,85.935,96.500,128.717
93,97.298,84.537,87.047,97.674,129.525
94,98.462,85.658,88.208,98.855,130.291
95,99.659,86.799,89.383,100.047,131.042
96,100.840,87.945,90.558,101.240,131.764
97,102.020,89.090,91.733,102.438,132.471
98,103.209,90.246,92.938,103.630,133.171
99,104.432,91.408,94.147,104.848,133.868
100,105.657,92.582,95.368,106.058,134.565
101,106.883,93.785,96.656,107.283,135.255
102,108.083,94.961,97.921,108.484,135.943
103,109.282,96.130,99.237,109.674,136.620
104,110.454,97.272,100.523,110.839,137.293
105,111.607,98.385,101.760,112.002,137.942
106,112.769,99.514,102.974,113.153,138.578
107,113.881,100.610,104.148,114.279,139.225
108,115.004,101.702,105.329,115.403,139.868
109,116.173,102.824,106.569,116.539,140.509
110,117.338,103.974,107.820,117.683,141.146
111,118.525,105.144,109.101,118.879,141.779
112,119.681,106.303,110.396,120.078,142.412
113,120.855,107.489,111.725,121.278,143.048
114,122.107,108.689,113.064,122.509,143.682
115,123.352,109.868,114.461,123.786,144.309
116,124.605,111.041,115.852,125.094,144.937
117,125.876,112.210,117.195,126.410,145.571
118,127.129,113.367,118.510,127.688,146.189
119,128.432,114.523,119.805,128.931,146.813
120,129.693,115.616,121.049,130.170,147.459
121,130.925,116.718,122.226,131.371,148.089
122,132.148,117.793,123.380,132.591,148.726
123,133.369,118.878,124.504,133.768,149.369
124,134.548,119.945,125.633,134.941,150.010
125,135.742,120.999,126.752,136.170,150.665
126,136.961,122.066,127.863,137.382,151.314
127,138.158,123.146,128.928,138.559,151.964
128,139.294,124.206,130.015,139.687,152.597
129,140.382,125.241,131.067,140.755,153.211
130,141.441,126.257,132.168,141.819,153.830
131,142.500,127.290,133.275,142.885,154.458
132,143.554,128.331,134.391,143.956,155.079
133,144.637,129.384,135.549,145.030,155.706
134,145.748,130.458,136.742,146.129,156.350
135,146.864,131.539,137.954,147.269,157.012
136,148.012,132.611,139.117,148.424,157.676
137,149.175,133.665,140.276,149.573,158.328
138,150.334,134.704,141.430,150.744,158.976
139,151.476,135.733,142.568,151.873,159.614
140,152.641,136.780,143.715,153.054,160.275
141,153.855,137.836,144.867,154.274,160.959
142,155.099,138.873,145.960,155.509,161.665
143,156.329,139.923,147.035,156.733,162.393
144,157.569,141.015,148.124,157.991,163.132
145,158.817,142.144,149.253,159.292,163.875
146,160.129,143.342,150.425,160.623,164.609
147,161.484,144.530,151.622,161.982,165.357
148,162.828,145.704,152.788,163.311,166.115
149,164.118,146.848,153.910,164.561,166.870
150,165.332,147.974,154.999,165.724,167.626
151,166.507,149.098,156.075,166.894,168.412
152,167.684,150.251,157.168,168.059,169.210
153,168.874,151.439,158.323,169.238,170.041
154,170.038,152.609,159.500,170.407,170.870
155,171.193,153.748,160.688,171.583,171.707
156,172.360,154.860,161.909,172.765,172.540
157,173.531,155.973,163.111,173.900,173.373
158,174.672,157.088,164.311,175.048,174.199
159,175.816,158.215,165.475,176.194,175.022
160,176.976,159.366,166.676,177.379,175.884
161,178.158,160.527,167.898,178.577,176.752
162,179.373,161.663,169.161,179.788,177.622
163,180.556,162.789,170.387,180.955,178.471
164,181.733,163.889,171.546,182.126,179.321
165,182.943,165.015,172.709,183.344,180.205
166,184.167,166.137,173.896,184.559,181.083
167,185.365,167.252,175.103,185.759,181.972
168,186.506,168.335,176.242,186.887,182.862
169,187.640,169.386,177.381,188.028,183.740
170,188.795,170.416,178.531,189.200,184.639
171,189.978,171.426,179.702,190.402,185.520
172,191.165,172.420,180.936,191.605,186.385
173,192.363,173.441,182.153,192.804,187.270
174,193.579,174.517,183.397,194.006,188.171
175,194.789,175.602,184.657,195.196,189.069
176,195.959,176.647,185.905,196.353,189.931
177,197.105,177.718,187.167,197.560,190.744
178,198.318,178.799,188.404,198.757,191.547
179,199.508,179.893,189.661,199.942,192.363
180,200.666,180.971,190.885,201.080,193.202
181,201.803,182.082,192.150,202.260,194.070
182,202.950,183.161,193.404,203.415,194.904
183,204.044,184.145,194.604,204.495,195.680
184,205.125,185.111,195.751,205.567,196.436
185,206.141,186.024,196.796,206.582,197.160
186,207.237,186.989,197.864,207.638,197.950
187,208.332,188.014,198.978,208.747,198.774
188,209.434,189.034,200.058,209.841,199.554
189,210.547,190.053,201.193,210.952,200.299
190,211.625,191.057,202.326,212.021,201.044
191,212.724,192.145,203.476,213.131,201.832
192,213.773,193.188,204.561,214.192,202.570
193,214.797,194.210,205.656,215.226,203.285
194,215.771,195.187,206.743,216.204,203.986
195,216.784,196.191,207.844,217.203,204.716
196,217.840,197.253,208.955,218.241,205.471
197,218.914,198.329,210.037,219.349,206.242
198,219.954,199.358,211.098,220.391,206.971
199,220.975,200.376,212.133,221.417,207.675
200,222.073,201.468,213.263,222.538,208.386
201,223.326,202.633,214.478,223.814,209.119
202,224.635,203.809,215.693,225.099,209.860
203,225.895,205.010,216.925,226.322,210.630
204,227.070,206.173,218.198,227.471,211.365
205,228.144,207.256,219.418,228.514,212.027
206,229.189,208.365,220.633,229.557,212.668
207,230.273,209.525,221.923,230.660,213.262
208,231.460,210.750,223.279,231.837,213.844
209,232.624,212.002,224.659,232.974,214.434
210,233.723,213.294,226.024,234.041,215.020
211,234.742,214.566,227.311,235.025,215.604
212,235.792,215.834,228.651,236.040,216.246
213,236.794,217.047,230.033,236.987,216.928
214,237.726,218.217,231.371,237.896,217.716
215,238.665,219.465,232.764,238.835,218.605
216,239.592,220.747,234.103,239.789,219.465
217,240.504,222.025,235.499,240.701,220.291
218,241.389,223.291,236.902,241.551,221.079
219,242.188,224.459,238.210,242.341,221.841
220,242.982,225.617,239.417,243.105,222.553
221,243.699,226.777,240.589,243.841,223.271
222,244.429,227.865,241.720,244.529,224.024
223,245.064,228.879,242.775,245.173,224.785
224,245.743,229.985,243.892,245.835,225.741
225,246.343,231.080,244.969,246.437,226.765
226,246.861,232.098,245.987,246.928,227.864
227,247.639,233.219,246.931,247.670,228.960
228,248.771,234.245,247.956,248.839,230.345
229,,,248.293,,
230,,,,,
231,,,,,
232,,,,,
233,,,,,
234,,,,,
235,,,,,
236,,,,,
237,,,,,
238,,,,,
239,,,,,
240,,,,,
241,,,,,
242,,,,,
243,,,,,
244,,,,,
245,,,,,
246,,,,,
247,,,,,
248,,,,,
249,,,,,
250,,,,,
251,,,,,
252,,,,,
253,,,,,
254,,,,,
255,,,,,
