input,H1072055.JPG,H1072057.JPG,H1072059.JPG,H1072061.JPG,H1072063.JPG,H1072065.JPG,H1072067.JPG,H1072069.JPG,H1072071.JPG
0,,,,,,,,,
1,,,0.000,0.000,0.034,0.000,,,
2,1.450,3.738,0.000,0.000,1.186,0.000,0.005,1.314,1.142
3,2.601,5.453,0.251,0.000,2.015,0.002,0.325,2.381,1.894
4,3.481,7.116,0.458,0.158,2.741,0.177,0.545,3.123,2.661
5,4.392,8.830,0.588,0.272,3.358,0.296,0.686,3.875,3.290
6,5.245,10.574,0.683,0.355,3.932,0.380,0.786,4.621,3.869
7,6.370,12.704,0.790,0.450,4.695,0.475,0.898,5.615,4.598
8,7.649,15.248,0.892,0.538,5.470,0.565,1.016,6.717,5.386
9,8.847,17.524,0.968,0.604,6.113,0.636,1.217,7.714,6.073
10,9.970,19.528,1.082,0.658,6.732,0.694,1.386,8.621,6.726
11,11.111,21.452,1.241,0.711,7.379,0.750,1.550,9.579,7.403
12,12.202,23.371,1.401,0.762,8.043,0.803,1.709,10.584,8.074
13,13.223,25.187,1.560,0.813,8.714,0.853,1.855,11.591,8.754
14,14.205,27.012,1.711,0.861,9.359,0.900,1.993,12.550,9.390
15,15.174,28.796,1.855,0.909,9.975,0.946,2.147,13.467,10.001
16,16.147,30.509,1.992,0.954,10.565,0.990,2.298,14.373,10.597
17,17.102,32.162,2.155,1.000,11.155,1.109,2.449,15.282,11.188
18,18.041,33.851,2.321,1.136,11.768,1.250,2.602,16.230,11.789
19,18.984,35.637,2.490,1.281,12.436,1.398,2.759,17.197,12.427
20,19.924,37.459,2.654,1.423,13.114,1.542,2.913,18.163,13.073
21,20.886,39.376,2.822,1.569,13.851,1.685,3.080,19.184,13.797
22,21.883,41.351,2.988,1.712,14.604,1.827,3.267,20.255,14.539
23,22.867,43.200,3.191,1.847,15.334,1.960,3.444,21.327,15.264
24,23.810,44.992,3.383,1.973,16.041,2.177,3.611,22.386,15.967
25,24.787,46.916,3.573,2.191,16.759,2.422,3.773,23.504,16.692
26,25.737,48.924,3.759,2.431,17.517,2.670,3.933,24.637,17.428
27,26.708,50.807,3.941,2.667,18.288,2.909,4.126,25.775,18.179
28,27.703,52.556,4.161,2.893,19.081,3.264,4.332,26.870,18.969
29,28.718,54.333,4.399,3.210,19.889,3.690,4.539,27.993,19.783
30,29.778,56.101,4.639,3.615,20.705,4.162,4.746,29.218,20.633
31,30.832,57.836,4.884,4.033,21.564,4.753,4.955,30.497,21.532
32,31.903,59.536,5.141,4.584,22.462,5.368,5.174,31.767,22.433
33,32.910,61.166,5.399,5.111,23.356,5.966,5.382,33.020,23.325
34,33.833,62.685,5.635,5.643,24.217,6.571,5.574,34.186,24.175
35,34.698,64.178,5.865,6.167,25.048,7.169,5.759,35.330,24.994
36,35.554,65.699,6.107,6.744,25.914,7.810,5.948,36.525,25.816
37,36.470,67.298,6.380,7.375,26.798,8.497,6.168,37.848,26.658
38,37.453,68.981,6.670,8.077,27.726,9.249,6.413,39.250,27.554
39,38.469,70.684,6.977,8.857,28.676,10.048,6.664,40.688,28.465
40,39.485,72.404,7.310,9.644,29.608,10.876,6.918,42.155,29.350
41,40.448,74.088,7.634,10.420,30.513,11.719,7.186,43.629,30.197
42,41.378,75.723,7.944,11.190,31.370,12.582,7.454,45.060,31.005
43,42.320,77.349,8.283,11.996,32.249,13.527,7.717,46.493,31.835
44,43.308,79.030,8.639,12.916,33.153,14.561,7.990,48.007,32.720
45,44.332,80.733,8.996,13.936,34.069,15.694,8.291,49.599,33.649
46,45.367,82.435,9.396,15.003,34.981,16.855,8.594,51.236,34.603
47,46.439,84.170,9.784,16.080,35.881,18.065,8.893,52.926,35.552
48,47.527,85.860,10.186,17.190,36.766,19.306,9.216,54.610,36.471
49,48.578,87.447,10.593,18.319,37.635,20.534,9.539,56.304,37.378
50,49.581,88.974,10.982,19.432,38.518,21.764,9.849,57.969,38.275
51,50.566,90.469,11.391,20.556,39.422,23.000,10.162,59.581,39.171
52,51.564,92.000,11.800,21.692,40.316,24.266,10.485,61.241,40.088
53,52.569,93.538,12.211,22.871,41.220,25.556,10.799,62.907,41.007
54,53.602,95.082,12.640,24.108,42.127,26.880,11.132,64.522,41.932
55,54.652,96.675,13.088,25.417,43.071,28.227,11.493,66.218,42.895
56,55.709,98.285,13.564,26.761,44.058,29.610,11.868,67.967,43.907
57,56.754,99.903,14.049,28.100,45.088,31.002,12.258,69.720,44.939
58,57.774,101.495,14.556,29.449,46.145,32.412,12.659,71.479,45.970
59,58.754,103.038,15.055,30.796,47.223,33.819,13.056,73.250,46.993
60,59.732,104.524,15.561,32.095,48.292,35.178,13.467,75.027,48.034
61,60.708,106.023,16.076,33.444,49.381,36.544,13.879,76.759,49.112
62,61.684,107.477,16.590,34.790,50.505,37.991,14.319,78.500,50.225
63,62.665,108.953,17.117,36.174,51.671,39.466,14.760,80.178,51.352
64,63.647,110.420,17.662,37.568,52.864,40.927,15.209,81.937,52.510
65,64.631,111.824,18.202,38.981,54.054,42.450,15.672,83.727,53.670
66,65.597,113.224,18.738,40.408,55.256,43.991,16.150,85.551,54.842
67,66.567,114.630,19.283,41.820,56.434,45.495,16.642,87.361,56.009
68,67.550,116.025,19.831,43.243,57.588,46.976,17.148,89.167,57.194
69,68.520,117.434,20.403,44.666,58.726,48.424,17.653,90.881,58.379
70,69.500,118.814,20.980,46.095,59.890,49.883,18.175,92.593,59.568
71,70.498,120.184,21.590,47.533,61.075,51.382,18.703,94.364,60.779
72,71.489,121.551,22.210,48.991,62.277,52.917,19.245,96.158,61.997
73,72.472,122.903,22.818,50.429,63.469,54.478,19.789,98.033,63.185
74,73.458,124.260,23.423,51.852,64.648,56.070,20.332,99.856,64.341
75,74.430,125.601,24.031,53.307,65.804,57.672,20.872,101.700,65.501
76,75.399,126.951,24.639,54.809,66.975,59.265,21.418,103.557,66.688
77,76.375,128.300,25.259,56.370,68.151,60.873,21.983,105.408,67.899
78,77.350,129.622,25.882,57.953,69.351,62.469,22.560,107.260,69.097
79,78.356,131.003,26.511,59.496,70.550,64.058,23.171,109.127,70.303
80,79.388,132.398,27.145,61.040,71.759,65.669,23.802,111.001,71.487
81,80.439,133.810,27.813,62.593,72.957,67.305,24.456,112.879,72.662
82,81.471,135.187,28.494,64.128,74.134,68.941,25.146,114.763,73.815
83,82.469,136.536,29.188,65.648,75.280,70.498,25.850,116.617,74.951
84,83.447,137.873,29.904,67.178,76.414,72.050,26.551,118.440,76.071
85,84.401,139.158,30.611,68.721,77.536,73.643,27.233,120.213,77.165
86,85.345,140.398,31.308,70.225,78.630,75.174,27.901,121.996,78.269
87,86.309,141.587,32.027,71.776,79.737,76.712,28.568,123.854,79.382
88,87.289,142.778,32.757,73.295,80.839,78.236,29.256,125.678,80.487
89,88.285,143.989,33.495,74.821,81.952,79.797,29.979,127.474,81.596
90,89.273,145.194,34.232,76.326,83.035,81.345,30.701,129.226,82.708
91,90.251,146.424,34.977,77.792,84.105,82.926,31.438,130.999,83.820
92,91.229,147.649,35.725,79.302,85.200,84.556,32.220,132.764,84.925
93,92.226,148.887,36.479,80.854,86.317,86.166,33.030,134.594,86.036
94,93.225,150.133,37.236,82.392,87.440,87.743,33.870,136.425,87.153
95,94.218,151.352,37.995,83.953,88.585,89.289,34.723,138.215,88.300
96,95.237,152.538,38.762,85.499,89.737,90.830,35.566,139.946,89.475
97,96.244,153.752,39.562,87.011,90.890,92.299,36.451,141.712,90.669
98,97.235,154.959,40.377,88.510,92.090,93.741,37.340,143.447,91.841
99,98.240,156.211,41.217,89.976,93.272,95.221,38.274,145.207,93.037
100,99.264,157.389,42.057,91.500,94.519,96.676,39.228,146.981,94.264
101,100.307,158.553,42.914,92.987,95.788,98.128,40.194,148.751,95.497
102,101.339,159.720,43.796,94.457,97.085,99.538,41.184,150.537,96.758
103,102.331,160.824,44.666,95.923,98.373,100.930,42.207,152.314,98.024
104,103.297,161.923,45.517,97.312,99.655,102.312,43.215,154.023,99.268
105,104.249,163.033,46.376,98.633,100.884,103.661,44.191,155.624,100.491
106,105.210,164.132,47.252,99.943,102.090,105.000,45.192,157.234,101.714
107,106.212,165.241,48.138,101.242,103.275,106.292,46.213,158.843,102.938
108,107.223,166.353,49.055,102.599,104.497,107.572,47.277,160.425,104.151
109,108.217,167.430,49.993,103.965,105.716,108.776,48.394,162.019,105.382
110,109.202,168.497,50.945,105.295,106.950,109.973,49.544,163.578,106.635
111,110.193,169.558,51.900,106.586,108.214,111.142,50.704,165.131,107.910
112,111.205,170.623,52.835,107.838,109.501,112.282,51.878,166.679,109.193
113,112.220,171.672,53.788,109.067,110.817,113.442,53.086,168.252,110.494
114,113.248,172.731,54.740,110.273,112.182,114.615,54.344,169.785,111.814
115,114.275,173.777,55.701,111.462,113.569,115.759,55.582,171.283,113.148
116,115.275,174.802,56.647,112.621,114.941,116.880,56.868,172.795,114.459
117,116.262,175.824,57.622,113.775,116.280,117.934,58.149,174.246,115.789
118,117.235,176.831,58.607,114.868,117.576,118.972,59.465,175.628,117.154
119,118.249,177.823,59.602,115.986,118.859,120.009,60.775,177.022,118.497
120,119.271,178.834,60.600,117.099,120.119,121.078,62.086,178.384,119.822
121,120.276,179.796,61.591,118.231,121.354,122.180,63.390,179.752,121.121
122,121.318,180.806,62.600,119.351,122.547,123.305,64.732,181.148,122.416
123,122.378,181.825,63.616,120.441,123.722,124.429,66.087,182.499,123.686
124,123.471,182.831,64.645,121.495,124.856,125.564,67.498,183.837,124.945
125,124.584,183.821,65.695,122.564,125.977,126.705,68.947,185.169,126.208
126,125.738,184.809,66.757,123.583,127.064,127.856,70.422,186.448,127.464
127,126.842,185.745,67.815,124.597,128.145,129.004,71.916,187.675,128.707
128,127.946,186.632,68.862,125.603,129.216,130.152,73.388,188.835,129.987
129,129.075,187.508,69.933,126.578,130.269,131.309,74.860,189.972,131.285
130,130.216,188.378,71.022,127.558,131.359,132.492,76.343,191.038,132.621
131,131.413,189.238,72.126,128.532,132.467,133.717,77.835,192.100,134.009
132,132.660,190.098,73.249,129.519,133.587,134.946,79.397,193.187,135.468
133,133.923,190.933,74.390,130.508,134.733,136.197,80.981,194.265,136.942
134,135.174,191.793,75.528,131.504,135.897,137.505,82.588,195.359,138.443
135,136.445,192.651,76.673,132.525,137.093,138.811,84.146,196.440,139.978
136,137.734,193.531,77.832,133.570,138.293,140.183,85.771,197.509,141.527
137,139.055,194.404,79.008,134.590,139.484,141.543,87.406,198.561,143.072
138,140.392,195.257,80.178,135.595,140.669,142.925,89.084,199.583,144.664
139,141.744,196.103,81.350,136.589,141.809,144.264,90.750,200.590,146.275
140,143.082,196.911,82.497,137.583,142.941,145.615,92.386,201.547,147.894
141,144.483,197.685,83.653,138.593,144.083,146.982,94.014,202.458,149.536
142,145.902,198.453,84.807,139.620,145.197,148.357,95.636,203.362,151.221
143,147.319,199.212,85.981,140.655,146.316,149.804,97.281,204.241,152.886
144,148.782,199.963,87.181,141.694,147.418,151.278,98.970,205.108,154.517
145,150.271,200.705,88.419,142.751,148.549,152.748,100.698,205.966,156.183
146,151.783,201.468,89.653,143.798,149.715,154.251,102.507,206.823,157.869
147,153.281,202.231,90.915,144.851,150.900,155.829,104.350,207.667,159.622
148,154.787,202.996,92.161,145.849,152.056,157.448,106.206,208.498,161.365
149,156.324,203.750,93.378,146.801,153.168,158.976,108.001,209.297,163.090
150,157.880,204.507,94.575,147.748,154.262,160.459,109.711,210.042,164.805
151,159.394,205.266,95.809,148.730,155.345,161.917,111.427,210.802,166.556
152,160.913,206.046,97.067,149.768,156.452,163.364,113.142,211.561,168.347
153,162.406,206.806,98.345,150.829,157.600,164.833,114.925,212.327,170.111
154,163.888,207.547,99.604,151.867,158.756,166.364,116.737,213.075,171.858
155,165.379,208.266,100.874,152.867,159.927,167.874,118.535,213.776,173.684
156,166.887,208.989,102.167,153.854,161.118,169.377,120.339,214.470,175.520
157,168.428,209.685,103.486,154.850,162.333,170.910,122.151,215.167,177.343
158,169.944,210.379,104.829,155.872,163.561,172.471,123.935,215.860,179.168
159,171.550,211.076,106.154,156.897,164.772,173.996,125.716,216.518,181.010
160,173.173,211.748,107.497,157.929,165.943,175.502,127.547,217.170,182.869
161,174.735,212.425,108.854,158.970,167.131,177.080,129.469,217.801,184.724
162,176.209,213.091,110.243,159.981,168.357,178.758,131.402,218.410,186.605
163,177.749,213.769,111.612,160.928,169.567,180.376,133.295,218.997,188.472
164,179.323,214.446,112.979,161.858,170.760,181.915,135.125,219.569,190.285
165,180.917,215.149,114.349,162.809,171.919,183.411,136.933,220.152,192.031
166,182.474,215.841,115.759,163.849,173.091,184.970,138.772,220.739,193.745
167,184.066,216.489,117.185,164.902,174.282,186.608,140.644,221.310,195.454
168,185.660,217.115,118.627,165.943,175.456,188.268,142.563,221.857,197.194
169,187.226,217.700,120.031,166.995,176.612,189.786,144.425,222.360,198.995
170,188.758,218.277,121.386,168.020,177.767,191.171,146.217,222.849,200.773
171,190.155,218.832,122.718,168.998,178.906,192.565,147.966,223.321,202.401
172,191.538,219.416,124.069,169.930,180.070,193.987,149.795,223.799,204.050
173,192.977,220.004,125.419,170.845,181.285,195.449,151.598,224.284,205.742
174,194.456,220.591,126.772,171.781,182.531,196.925,153.352,224.775,207.490
175,195.952,221.185,128.153,172.778,183.787,198.435,155.130,225.275,209.286
176,197.434,221.758,129.527,173.776,185.029,199.877,156.890,225.765,211.052
177,198.898,222.327,130.951,174.782,186.277,201.315,158.673,226.240,212.787
178,200.331,222.882,132.410,175.772,187.522,202.787,160.460,226.700,214.461
179,201.747,223.444,133.877,176.765,188.780,204.283,162.218,227.150,216.111
180,203.170,224.008,135.304,177.731,190.016,205.677,163.933,227.585,217.718
181,204.640,224.599,136.760,178.717,191.245,207.078,165.673,228.035,219.352
182,206.042,225.189,138.192,179.705,192.480,208.581,167.413,228.471,220.926
183,207.391,225.768,139.556,180.644,193.663,210.026,169.108,228.897,222.373
184,208.782,226.319,140.908,181.566,194.837,211.405,170.769,229.295,223.724
185,210.145,226.837,142.232,182.474,195.918,212.664,172.348,229.677,224.999
186,211.519,227.360,143.673,183.450,197.047,213.973,174.017,230.080,226.330
187,212.926,227.907,145.177,184.476,198.178,215.328,175.772,230.479,227.720
188,214.297,228.438,146.608,185.465,199.258,216.678,177.481,230.872,229.025
189,215.639,228.977,148.106,186.465,200.343,218.044,179.204,231.258,230.284
190,217.026,229.552,149.716,187.481,201.472,219.383,180.938,231.651,231.517
191,218.476,230.151,151.405,188.558,202.648,220.764,182.718,232.061,232.756
192,219.775,230.696,152.973,189.600,203.745,222.058,184.425,232.440,233.884
193,221.003,231.211,154.500,190.571,204.802,223.256,186.072,232.810,234.937
194,222.187,231.698,155.965,191.507,205.858,224.397,187.622,233.165,235.927
195,223.387,232.197,157.438,192.484,206.941,225.545,189.149,233.518,236.912
196,224.608,232.691,158.908,193.513,208.068,226.716,190.719,233.893,237.885
197,225.843,233.186,160.444,194.568,209.192,227.856,192.294,234.256,238.833
198,226.979,233.636,161.990,195.554,210.278,228.889,193.796,234.604,239.705
199,228.075,234.092,163.507,196.529,211.335,229.861,195.211,234.964,240.534
200,229.170,234.542,165.036,197.599,212.462,230.893,196.675,235.320,241.378
201,230.251,235.026,166.577,198.688,213.647,231.955,198.185,235.700,242.251
202,231.322,235.491,168.222,199.741,214.877,233.024,199.679,236.087,243.119
203,232.413,235.959,169.849,200.764,216.104,234.085,201.158,236.453,243.974
204,233.463,236.393,171.489,201.779,217.337,235.107,202.648,236.820,244.768
205,234.482,236.821,172.979,202.801,218.550,236.058,203.988,237.160,245.490
206,235.479,237.248,174.410,203.838,219.791,236.975,205.253,237.493,246.184
207,236.441,237.681,175.926,204.859,221.050,237.849,206.522,237.845,246.874
208,237.425,238.150,177.599,205.898,222.431,238.697,207.882,238.208,247.585
209,238.368,238.627,179.228,206.935,223.848,239.528,209.324,238.584,248.276
210,239.235,239.100,180.777,207.968,225.209,240.315,210.725,238.970,248.894
211,240.020,239.525,182.218,208.993,226.525,241.031,211.983,239.305,249.444
212,240.831,239.995,183.808,210.097,227.933,241.756,213.244,239.675,250.003
213,241.655,240.408,185.454,211.274,229.369,242.455,214.469,240.068,250.532
214,242.458,240.885,187.078,212.516,230.773,243.162,215.690,240.450,250.994
215,243.227,241.330,188.653,213.681,232.197,243.845,216.971,240.890,251.123
216,243.882,241.753,190.192,214.700,233.548,244.501,218.233,241.263,251.229
217,244.542,242.180,191.824,215.727,234.923,245.149,219.433,241.625,251.341
218,245.215,242.616,193.423,216.772,236.387,245.771,220.596,242.018,251.463
219,245.824,243.041,194.903,217.752,237.749,246.285,221.736,242.371,251.588
220,246.343,243.366,196.453,218.717,239.016,246.783,222.861,242.755,251.725
221,246.898,243.758,198.089,219.783,240.204,247.294,223.920,243.163,251.888
222,247.439,244.202,199.565,220.921,241.334,247.820,224.944,243.587,252.114
223,247.953,244.627,201.151,221.984,242.438,248.338,225.962,244.018,252.384
224,248.497,244.978,202.879,223.101,243.580,248.762,227.096,244.504,252.627
225,248.905,245.437,204.643,224.202,244.696,249.173,228.153,244.825,252.777
226,249.424,245.773,206.480,225.189,245.712,249.676,229.213,245.172,252.881
227,249.840,245.988,208.257,226.086,246.685,250.076,230.368,245.712,252.953
228,250.876,248.072,209.877,226.999,247.802,252.643,231.750,246.414,253.246
229,,,,,,,,253.211,253.918
230,,,,,,,,,
231,,,,,,,,,
232,,,,,,,,,
233,,,,,,,,,
234,,,,,,,,,
235,,,,,,,,,
236,,,,,,,,,
237,,,,,,,,,
238,,,,,,,,,
239,,,,,,,,,
240,,,,,,,,,
241,,,,,,,,,
242,,,,,,,,,
243,,,,,,,,,
244,,,,,,,,,
245,,,,,,,,,
246,,,,,,,,,
247,,,,,,,,,
248,,,,,,,,,
249,,,,,,,,,
250,,,,,,,,,
251,,,,,,,,,
252,,,,,,,,,
253,,,,,,,,,
254,,,,,,,,,
255,,,,,,,,,
