input,H1072075.JPG,H1072078.JPG,H1072080.JPG,H1072082.JPG,H1072084.JPG,H1072086.JPG,H1072088.JPG,H1072090.JPG,H1072092.JPG,H1072094.JPG,H1072096.JPG,H1072098.JPG,H1072100.JPG,H1072102.JPG,H1072104.JPG,H1072107.JPG,H1072110.JPG,H1072112.JPG,H1072114.JPG,H1072116.JPG,H1072118.JPG,H1072120.JPG,H1072122.JPG,H1072124.JPG,H1072126.JPG,H1072128.JPG,H1072130.JPG
0,,,,,,,,,,,,,,,,,,,,,,,,,,,
1,,,,,,,,,,,,,,,,,,,,,,,,,,,
2,1.344,1.365,1.398,1.305,1.438,1.434,1.401,1.537,1.389,0.099,0.598,1.177,1.989,2.347,3.049,1.419,0.062,0.292,1.114,2.007,2.409,3.157,4.059,2.257,2.067,1.271,1.331
3,2.509,2.535,2.573,2.446,2.610,2.606,2.540,2.676,2.537,0.648,1.523,2.191,2.992,3.731,4.500,2.592,0.444,1.292,2.027,3.086,3.883,4.687,5.963,3.540,3.261,2.438,2.476
4,3.499,3.532,3.582,3.405,3.613,3.627,3.519,3.698,3.516,1.235,2.232,2.971,3.997,4.949,5.907,3.607,0.868,1.882,2.955,4.260,5.238,6.254,7.817,4.685,4.367,3.386,3.438
5,4.491,4.504,4.537,4.356,4.565,4.586,4.465,4.655,4.432,1.619,2.792,3.796,5.007,6.207,7.396,4.617,1.209,2.442,3.786,5.320,6.526,7.945,9.682,5.806,5.457,4.206,4.361
6,5.366,5.363,5.387,5.205,5.410,5.440,5.315,5.519,5.252,1.860,3.220,4.523,6.052,7.404,8.823,5.497,1.444,2.832,4.442,6.306,7.757,9.544,11.497,6.906,6.426,4.931,5.185
7,6.519,6.504,6.530,6.347,6.552,6.604,6.470,6.658,6.380,2.212,3.789,5.486,7.327,8.972,10.711,6.663,1.686,3.410,5.317,7.590,9.451,11.414,13.835,8.386,7.714,5.918,6.309
8,7.855,7.787,7.811,7.665,7.821,7.901,7.780,7.920,7.666,2.669,4.498,6.604,8.787,10.770,12.833,7.968,1.922,4.120,6.399,9.035,11.259,13.595,16.416,10.002,9.080,6.941,7.581
9,9.181,8.954,8.968,8.891,8.943,9.044,9.011,9.036,8.877,3.027,5.125,7.607,10.120,12.350,14.769,9.180,2.215,4.802,7.327,10.336,12.839,15.811,18.747,11.473,10.403,7.836,8.757
10,10.343,10.015,10.005,10.007,9.945,10.027,10.089,10.000,9.979,3.446,5.732,8.504,11.313,13.814,16.515,10.271,2.511,5.431,8.160,11.466,14.362,17.740,20.952,12.743,11.555,8.639,9.813
11,11.485,11.094,11.060,11.118,10.992,11.023,11.133,10.992,11.098,3.859,6.347,9.444,12.546,15.353,18.213,11.397,2.801,6.111,9.002,12.600,15.953,19.609,23.072,14.112,12.696,9.497,10.916
12,12.559,12.168,12.163,12.207,12.057,12.079,12.160,12.038,12.153,4.323,7.002,10.407,13.756,16.772,19.901,12.499,3.102,6.824,9.892,13.785,17.394,21.413,25.081,15.489,13.844,10.356,12.008
13,13.582,13.212,13.233,13.235,13.146,13.132,13.145,13.123,13.113,4.791,7.689,11.363,14.929,18.069,21.405,13.505,3.431,7.464,10.853,14.993,18.759,23.072,27.036,16.699,14.960,11.155,13.049
14,14.575,14.234,14.250,14.226,14.214,14.196,14.081,14.163,14.030,5.228,8.351,12.374,16.095,19.425,22.938,14.497,3.742,8.063,11.830,16.195,20.168,24.613,28.864,17.827,16.009,11.903,14.059
15,15.563,15.246,15.230,15.190,15.222,15.241,15.025,15.189,14.958,5.650,8.987,13.342,17.210,20.762,24.479,15.469,4.051,8.618,12.773,17.332,21.602,26.117,30.638,18.934,16.965,12.597,15.044
16,16.546,16.221,16.176,16.150,16.196,16.244,15.954,16.188,15.919,6.055,9.572,14.237,18.266,22.045,25.998,16.424,4.377,9.167,13.673,18.368,22.951,27.637,32.422,20.032,17.941,13.281,16.016
17,17.482,17.162,17.098,17.096,17.144,17.224,16.910,17.164,16.856,6.420,10.145,15.075,19.305,23.282,27.464,17.341,4.699,9.713,14.607,19.399,24.284,29.197,34.175,21.145,18.956,13.953,16.936
18,18.419,18.123,18.020,18.021,18.088,18.178,17.861,18.114,17.806,6.789,10.741,15.890,20.383,24.573,29.027,18.274,5.031,10.286,15.525,20.452,25.636,30.789,35.972,22.243,20.024,14.670,17.844
19,19.374,19.120,19.023,18.994,19.056,19.176,18.855,19.081,18.778,7.165,11.353,16.717,21.463,25.851,30.597,19.256,5.406,10.891,16.411,21.539,26.977,32.383,37.761,23.341,21.128,15.440,18.795
20,20.307,20.123,20.017,19.975,20.048,20.175,19.883,20.061,19.759,7.531,11.944,17.533,22.509,27.145,32.128,20.258,5.778,11.510,17.259,22.621,28.275,33.940,39.552,24.457,22.185,16.219,19.747
21,21.311,21.128,21.049,20.997,21.061,21.177,20.903,21.057,20.760,7.906,12.557,18.383,23.606,28.518,33.739,21.267,6.174,12.150,18.108,23.768,29.636,35.565,41.431,25.636,23.322,17.042,20.716
22,22.311,22.126,22.065,22.011,22.072,22.215,21.919,22.053,21.767,8.304,13.181,19.247,24.734,29.959,35.444,22.267,6.612,12.835,18.987,24.921,30.971,37.250,43.239,26.813,24.470,17.871,21.704
23,23.274,23.076,23.037,22.968,23.056,23.248,22.916,23.045,22.739,8.686,13.808,20.098,25.853,31.333,37.136,23.252,7.031,13.522,19.893,26.059,32.206,38.810,45.020,28.019,25.581,18.693,22.664
24,24.244,24.057,23.995,23.923,24.029,24.249,23.915,24.060,23.737,9.062,14.437,20.899,26.941,32.673,38.809,24.250,7.504,14.188,20.821,27.189,33.447,40.334,46.759,29.283,26.678,19.519,23.622
25,25.248,25.072,24.975,24.887,25.020,25.289,24.928,25.059,24.734,9.470,15.066,21.719,28.047,34.023,40.423,25.252,7.972,14.874,21.769,28.242,34.743,41.897,48.478,30.619,27.777,20.347,24.601
26,26.274,26.065,25.944,25.898,25.999,26.306,25.959,26.054,25.731,9.868,15.711,22.566,29.169,35.439,41.986,26.263,8.510,15.606,22.691,29.275,36.056,43.392,50.168,31.968,28.892,21.191,25.597
27,27.319,27.071,26.932,26.912,26.973,27.301,26.974,27.059,26.749,10.297,16.346,23.423,30.238,36.881,43.632,27.286,9.052,16.370,23.587,30.347,37.296,44.846,51.842,33.298,30.081,22.098,26.584
28,28.376,28.067,27.953,27.951,27.950,28.304,27.986,28.049,27.762,10.733,16.966,24.273,31.273,38.264,45.274,28.296,9.646,17.134,24.435,31.410,38.491,46.283,53.481,34.611,31.232,23.013,27.564
29,29.416,29.050,28.947,28.985,28.953,29.290,28.996,29.013,28.771,11.183,17.606,25.150,32.355,39.597,46.873,29.329,10.268,17.927,25.281,32.457,39.726,47.737,55.042,35.929,32.349,23.925,28.563
30,30.495,30.074,29.979,30.045,29.980,30.308,30.024,29.982,29.834,11.671,18.256,26.027,33.506,40.922,48.461,30.361,10.918,18.731,26.119,33.473,40.961,49.128,56.508,37.268,33.502,24.880,29.574
31,31.606,31.152,31.033,31.128,31.029,31.332,31.085,31.003,30.889,12.166,18.923,26.939,34.695,42.269,50.046,31.435,11.649,19.580,26.985,34.497,42.194,50.489,57.942,38.652,34.674,25.867,30.607
32,32.693,32.244,32.081,32.186,32.075,32.352,32.166,32.037,31.946,12.675,19.599,27.859,35.855,43.636,51.558,32.496,12.395,20.447,27.881,35.528,43.383,51.755,59.327,40.079,35.858,26.851,31.666
33,33.686,33.254,33.077,33.179,33.082,33.330,33.177,33.023,32.934,13.163,20.269,28.762,36.931,44.930,52.983,33.490,13.124,21.312,28.778,36.538,44.494,52.922,60.631,41.381,37.005,27.800,32.675
34,34.592,34.172,33.974,34.104,34.000,34.255,34.099,33.937,33.864,13.628,20.912,29.621,37.939,46.174,54.304,34.400,13.822,22.153,29.681,37.528,45.535,54.013,61.863,42.532,38.079,28.677,33.602
35,35.463,35.060,34.855,34.976,34.853,35.119,34.943,34.790,34.729,14.076,21.529,30.443,38.929,47.308,55.526,35.270,14.510,22.941,30.566,38.505,46.530,55.028,63.049,43.612,39.080,29.508,34.473
36,36.364,35.943,35.722,35.862,35.741,36.026,35.774,35.664,35.597,14.533,22.166,31.286,39.913,48.442,56.783,36.168,15.228,23.742,31.464,39.511,47.534,56.052,64.237,44.711,40.057,30.336,35.354
37,37.297,36.881,36.659,36.786,36.679,37.011,36.686,36.616,36.531,15.022,22.834,32.168,40.931,49.610,58.135,37.104,15.999,24.564,32.399,40.537,48.542,57.108,65.419,45.877,41.049,31.179,36.280
38,38.265,37.855,37.662,37.756,37.696,38.042,37.667,37.635,37.495,15.523,23.540,33.070,41.972,50.820,59.606,38.086,16.818,25.432,33.385,41.606,49.599,58.232,66.621,47.014,42.036,32.075,37.269
39,39.283,38.851,38.705,38.772,38.706,39.072,38.675,38.660,38.486,16.044,24.265,33.974,43.056,52.079,61.161,39.101,17.706,26.349,34.408,42.662,50.686,59.392,67.840,48.148,43.060,33.036,38.273
40,40.286,39.863,39.724,39.783,39.701,40.084,39.687,39.687,39.491,16.556,24.994,34.866,44.173,53.376,62.693,40.111,18.615,27.312,35.473,43.695,51.773,60.566,69.039,49.267,44.069,33.968,39.278
41,41.258,40.829,40.691,40.763,40.674,41.063,40.656,40.669,40.454,17.047,25.697,35.734,45.262,54.665,64.210,41.084,19.531,28.264,36.475,44.682,52.816,61.690,70.170,50.323,45.049,34.876,40.228
42,42.220,41.792,41.621,41.698,41.627,42.028,41.616,41.627,41.386,17.539,26.380,36.570,46.331,55.904,65.640,42.019,20.444,29.213,37.432,45.633,53.843,62.738,71.234,51.320,46.008,35.766,41.143
43,43.219,42.782,42.572,42.645,42.601,43.012,42.598,42.598,42.349,18.046,27.071,37.421,47.413,57.144,67.112,42.988,21.398,30.168,38.363,46.576,54.886,63.776,72.268,52.316,47.003,36.703,42.069
44,44.252,43.795,43.575,43.657,43.623,44.035,43.613,43.595,43.354,18.600,27.790,38.324,48.547,58.478,68.653,44.001,22.405,31.162,39.341,47.582,55.969,64.834,73.305,53.330,48.014,37.683,43.066
45,45.332,44.850,44.619,44.695,44.664,45.095,44.669,44.614,44.391,19.168,28.538,39.257,49.706,59.860,70.202,45.030,23.441,32.219,40.364,48.652,57.063,65.881,74.346,54.388,49.024,38.703,44.106
46,46.420,45.917,45.680,45.793,45.741,46.172,45.745,45.660,45.455,19.738,29.280,40.187,50.891,61.257,71.777,46.098,24.500,33.285,41.415,49.759,58.141,66.899,75.328,55.434,50.049,39.792,45.163
47,47.524,46.990,46.751,46.901,46.805,47.246,46.840,46.706,46.528,20.327,30.026,41.106,52.081,62.633,73.311,47.209,25.582,34.365,42.490,50.867,59.192,67.887,76.259,56.444,51.065,40.886,46.217
48,48.621,48.075,47.806,48.005,47.858,48.308,47.905,47.774,47.616,20.921,30.790,42.030,53.232,63.961,74.818,48.320,26.687,35.465,43.553,51.927,60.201,68.849,77.180,57.417,52.046,41.956,47.275
49,49.669,49.117,48.850,49.061,48.909,49.352,48.974,48.826,48.666,21.520,31.523,42.950,54.365,65.204,76.272,49.377,27.777,36.573,44.596,52.929,61.175,69.774,78.043,58.320,53.017,42.983,48.320
50,50.692,50.150,49.872,50.086,49.912,50.388,50.022,49.831,49.694,22.112,32.238,43.902,55.481,66.404,77.704,50.409,28.895,37.678,45.626,53.919,62.111,70.660,78.865,59.192,53.965,43.975,49.327
51,51.713,51.154,50.863,51.080,50.895,51.386,51.037,50.832,50.688,22.729,32.970,44.861,56.555,67.593,79.102,51.428,30.029,38.776,46.660,54.904,63.017,71.513,79.655,60.025,54.901,44.951,50.319
52,52.745,52.165,51.873,52.066,51.909,52.412,52.019,51.812,51.671,23.333,33.691,45.814,57.619,68.768,80.460,52.440,31.182,39.854,47.676,55.875,63.878,72.339,80.400,60.853,55.861,45.926,51.322
53,53.775,53.159,52.872,53.064,52.923,53.447,53.024,52.815,52.669,23.948,34.443,46.748,58.682,69.957,81.808,53.470,32.351,40.940,48.726,56.845,64.739,73.155,81.124,61.689,56.826,46.921,52.329
54,54.814,54.182,53.907,54.088,53.965,54.492,54.032,53.830,53.684,24.569,35.213,47.670,59.773,71.190,83.164,54.501,33.525,42.119,49.762,57.799,65.614,73.974,81.850,62.535,57.775,47.898,53.344
55,55.872,55.239,54.953,55.143,55.004,55.546,55.086,54.888,54.740,25.208,35.992,48.601,60.872,72.490,84.549,55.547,34.730,43.333,50.821,58.752,66.504,74.793,82.565,63.405,58.764,48.890,54.378
56,56.909,56.287,55.968,56.186,56.061,56.618,56.144,55.956,55.817,25.869,36.786,49.542,61.979,73.796,85.963,56.593,35.987,44.530,51.895,59.739,67.381,75.592,83.274,64.300,59.769,49.896,55.425
57,57.937,57.324,56.997,57.236,57.095,57.650,57.191,57.000,56.860,26.533,37.609,50.488,63.080,75.077,87.363,57.625,37.302,45.729,52.991,60.716,68.261,76.389,83.971,65.230,60.820,50.894,56.469
58,58.946,58.324,58.016,58.259,58.109,58.679,58.212,58.013,57.868,27.184,38.431,51.422,64.156,76.346,88.775,58.636,38.597,46.934,54.075,61.658,69.125,77.171,84.643,66.156,61.860,51.885,57.483
59,59.955,59.335,59.013,59.262,59.089,59.684,59.213,59.019,58.871,27.824,39.231,52.341,65.194,77.548,90.140,59.621,39.881,48.161,55.116,62.585,69.947,77.918,85.288,67.085,62.870,52.872,58.483
60,60.947,60.335,59.984,60.254,60.087,60.668,60.198,60.005,59.854,28.458,39.984,53.247,66.232,78.762,91.492,60.630,41.145,49.389,56.172,63.497,70.782,78.644,85.903,68.049,63.897,53.849,59.458
61,61.945,61.334,60.990,61.240,61.070,61.691,61.204,60.995,60.845,29.107,40.740,54.175,67.303,79.969,92.852,61.630,42.423,50.614,57.261,64.407,71.594,79.351,86.508,69.019,64.927,54.855,60.455
62,62.944,62.326,62.006,62.252,62.065,62.698,62.190,61.993,61.850,29.770,41.472,55.098,68.385,81.157,94.192,62.617,43.723,51.801,58.343,65.300,72.397,80.042,87.109,70.049,65.950,55.873,61.439
63,63.947,63.328,63.004,63.252,63.081,63.697,63.210,62.985,62.846,30.435,42.229,56.034,69.474,82.334,95.535,63.610,45.041,52.980,59.426,66.231,73.221,80.737,87.710,71.111,67.012,56.889,62.410
64,64.948,64.331,64.009,64.255,64.103,64.711,64.203,63.971,63.855,31.115,43.000,56.981,70.534,83.486,96.881,64.598,46.331,54.159,60.520,67.163,74.049,81.420,88.284,72.167,68.086,57.944,63.381
65,65.949,65.321,64.976,65.253,65.104,65.704,65.188,64.923,64.807,31.788,43.767,57.911,71.569,84.640,98.201,65.571,47.604,55.372,61.598,68.084,74.848,82.077,88.832,73.216,69.140,59.049,64.356
66,66.948,66.316,65.961,66.231,66.079,66.689,66.151,65.890,65.763,32.463,44.538,58.830,72.591,85.805,99.503,66.549,48.884,56.569,62.655,69.034,75.652,82.717,89.371,74.233,70.188,60.133,65.328
67,67.938,67.309,66.933,67.203,67.029,67.661,67.124,66.866,66.725,33.135,45.301,59.753,73.598,86.944,100.747,67.513,50.206,57.728,63.688,69.954,76.433,83.346,89.891,75.220,71.200,61.221,66.283
68,68.941,68.293,67.915,68.175,67.985,68.645,68.106,67.831,67.697,33.820,46.072,60.671,74.630,88.088,102.023,68.499,51.532,58.895,64.725,70.879,77.202,83.978,90.401,76.208,72.181,62.307,67.241
69,69.957,69.297,68.907,69.162,68.973,69.644,69.097,68.813,68.677,34.539,46.852,61.574,75.648,89.211,103.315,69.505,52.858,60.111,65.763,71.799,77.969,84.608,90.895,77.196,73.176,63.393,68.208
70,70.978,70.297,69.890,70.159,69.976,70.637,70.060,69.808,69.664,35.269,47.645,62.490,76.668,90.353,104.602,70.499,54.202,61.368,66.797,72.696,78.743,85.236,91.381,78.164,74.158,64.463,69.172
71,72.001,71.302,70.901,71.180,70.986,71.637,71.058,70.801,70.672,35.996,48.432,63.401,77.679,91.472,105.856,71.511,55.548,62.619,67.867,73.608,79.541,85.868,91.860,79.136,75.147,65.544,70.161
72,73.021,72.297,71.881,72.172,71.970,72.628,72.075,71.789,71.670,36.718,49.230,64.299,78.702,92.607,107.093,72.512,56.907,63.890,68.959,74.516,80.318,86.485,92.327,80.115,76.139,66.647,71.157
73,74.033,73.288,72.889,73.177,72.932,73.615,73.078,72.760,72.678,37.444,50.061,65.208,79.731,93.757,108.296,73.497,58.269,65.113,70.049,75.428,81.080,87.096,92.778,81.076,77.132,67.749,72.148
74,75.028,74.278,73.869,74.169,73.909,74.614,74.091,73.752,73.671,38.146,50.881,66.142,80.772,94.914,109.529,74.494,59.621,66.363,71.129,76.348,81.818,87.702,93.222,82.012,78.145,68.864,73.156
75,76.024,75.269,74.851,75.170,74.908,75.612,75.086,74.733,74.666,38.849,51.684,67.078,81.830,96.087,110.774,75.501,60.970,67.605,72.177,77.270,82.555,88.298,93.658,82.922,79.119,69.936,74.137
76,77.027,76.260,75.858,76.169,75.898,76.606,76.074,75.694,75.647,39.560,52.480,68.006,82.882,97.263,112.018,76.498,62.346,68.827,73.229,78.194,83.288,88.892,94.090,83.823,80.120,71.022,75.104
77,78.061,77.258,76.839,77.156,76.895,77.607,77.066,76.681,76.640,40.293,53.291,68.981,83.942,98.433,113.255,77.502,63.728,70.067,74.278,79.118,84.031,89.494,94.520,84.694,81.114,72.063,76.078
78,79.065,78.256,77.855,78.183,77.908,78.612,78.066,77.672,77.634,41.045,54.115,69.927,84.998,99.601,114.493,78.511,65.134,71.372,75.360,80.045,84.770,90.096,94.949,85.566,82.118,73.127,77.058
79,80.074,79.272,78.857,79.197,78.926,79.619,79.082,78.692,78.648,41.819,54.955,70.892,86.085,100.806,115.756,79.536,66.596,72.679,76.448,80.976,85.534,90.720,95.379,86.433,83.119,74.203,78.057
80,81.103,80.283,79.868,80.235,79.951,80.649,80.092,79.688,79.640,42.588,55.824,71.859,87.154,101.967,117.013,80.535,68.016,73.943,77.528,81.911,86.296,91.338,95.810,87.283,84.105,75.279,79.064
81,82.137,81.310,80.869,81.236,80.971,81.695,81.099,80.704,80.652,43.355,56.699,72.863,88.208,103.114,118.293,81.540,69.421,75.211,78.626,82.842,87.060,91.949,96.248,88.121,85.081,76.353,80.089
82,83.175,82.342,81.882,82.254,82.002,82.740,82.117,81.736,81.663,44.123,57.586,73.883,89.266,104.259,119.561,82.566,70.875,76.499,79.743,83.758,87.818,92.576,96.695,88.952,86.031,77.425,81.105
83,84.204,83.354,82.918,83.274,83.021,83.766,83.147,82.751,82.673,44.909,58.463,74.870,90.312,105.379,120.833,83.578,72.307,77.788,80.857,84.689,88.593,93.207,97.135,89.748,86.941,78.477,82.113
84,85.212,84.357,83.905,84.270,84.017,84.763,84.155,83.742,83.652,45.685,59.337,75.843,91.350,106.492,122.028,84.558,73.736,79.104,81.948,85.613,89.347,93.812,97.562,90.527,87.816,79.509,83.082
85,86.205,85.351,84.885,85.267,85.003,85.758,85.131,84.717,84.623,46.472,60.200,76.776,92.364,107.607,123.251,85.543,75.131,80.412,83.050,86.524,90.081,94.415,97.992,91.298,88.657,80.552,84.050
86,87.203,86.315,85.832,86.241,85.975,86.752,86.092,85.678,85.591,47.256,61.045,77.696,93.381,108.688,124.448,86.522,76.496,81.684,84.148,87.412,90.792,95.004,98.413,92.045,89.480,81.588,85.015
87,88.179,87.271,86.792,87.215,86.942,87.736,87.068,86.656,86.566,48.038,61.872,78.617,94.413,109.782,125.639,87.514,77.879,82.952,85.228,88.325,91.533,95.595,98.831,92.760,90.295,82.646,85.985
88,89.191,88.268,87.782,88.182,87.909,88.716,88.046,87.645,87.547,48.831,62.710,79.541,95.455,110.868,126.797,88.494,79.309,84.202,86.309,89.253,92.268,96.185,99.253,93.489,91.118,83.693,86.950
89,90.178,89.259,88.784,89.172,88.872,89.685,89.033,88.636,88.525,49.637,63.569,80.496,96.527,112.016,127.985,89.492,80.710,85.433,87.391,90.176,93.006,96.776,99.674,94.220,91.939,84.735,87.910
90,91.159,90.247,89.778,90.165,89.852,90.665,90.020,89.623,89.508,50.478,64.440,81.480,97.551,113.127,129.117,90.484,82.099,86.687,88.461,91.090,93.744,97.371,100.104,94.963,92.766,85.808,88.874
91,92.154,91.248,90.769,91.177,90.854,91.673,91.023,90.603,90.504,51.330,65.294,82.469,98.557,114.231,130.278,91.486,83.489,87.923,89.539,92.002,94.488,97.976,100.536,95.703,93.599,86.876,89.866
92,93.169,92.270,91.768,92.165,91.840,92.676,92.010,91.599,91.496,52.198,66.156,83.435,99.579,115.349,131.447,92.475,84.836,89.157,90.614,92.891,95.222,98.592,100.978,96.463,94.470,87.981,90.863
93,94.195,93.293,92.786,93.177,92.823,93.695,92.997,92.572,92.500,53.080,67.023,84.391,100.582,116.448,132.590,93.468,86.192,90.392,91.684,93.814,95.979,99.215,101.427,97.238,95.352,89.084,91.861
94,95.231,94.303,93.774,94.204,93.839,94.705,93.994,93.551,93.494,53.948,67.901,85.366,101.603,117.511,133.709,94.489,87.575,91.622,92.746,94.741,96.737,99.841,101.884,98.009,96.237,90.192,92.858
95,96.247,95.308,94.760,95.215,94.842,95.701,94.974,94.528,94.498,54.814,68.788,86.347,102.625,118.579,134.841,95.506,88.960,92.806,93.784,95.671,97.490,100.475,102.352,98.794,97.122,91.268,93.840
96,97.260,96.303,95.741,96.212,95.846,96.692,95.972,95.507,95.499,55.683,69.693,87.296,103.672,119.645,135.941,96.512,90.311,93.988,94.810,96.591,98.240,101.104,102.824,99.584,98.008,92.334,94.812
97,98.288,97.284,96.732,97.214,96.849,97.715,96.987,96.507,96.524,56.560,70.600,88.245,104.731,120.713,137.066,97.518,91.664,95.198,95.860,97.513,98.990,101.740,103.299,100.380,98.910,93.439,95.808
98,99.316,98.266,97.717,98.233,97.841,98.726,98.000,97.513,97.536,57.456,71.514,89.205,105.769,121.754,138.183,98.526,92.986,96.409,96.907,98.439,99.765,102.383,103.787,101.178,99.810,94.562,96.802
99,100.330,99.275,98.732,99.253,98.839,99.748,99.012,98.531,98.536,58.353,72.433,90.190,106.818,122.839,139.313,99.542,94.329,97.588,97.950,99.374,100.538,103.039,104.292,101.988,100.717,95.683,97.813
100,101.331,100.285,99.757,100.275,99.847,100.775,100.035,99.551,99.540,59.254,73.388,91.181,107.856,123.931,140.452,100.548,95.665,98.800,99.002,100.296,101.334,103.722,104.823,102.836,101.618,96.803,98.838
101,102.344,101.300,100.791,101.301,100.866,101.821,101.081,100.562,100.554,60.184,74.370,92.201,108.890,125.007,141.593,101.584,97.011,100.004,100.068,101.221,102.159,104.426,105.367,103.682,102.523,97.937,99.861
102,103.347,102.319,101.805,102.303,101.885,102.829,102.093,101.570,101.550,61.104,75.327,93.198,109.929,126.113,142.731,102.606,98.303,101.164,101.130,102.172,102.978,105.135,105.925,104.521,103.420,99.081,100.871
103,104.361,103.336,102.822,103.295,102.909,103.826,103.112,102.565,102.544,62.033,76.285,94.209,110.937,127.208,143.843,103.603,99.620,102.370,102.178,103.100,103.814,105.844,106.478,105.352,104.298,100.199,101.868
104,105.371,104.359,103.795,104.282,103.917,104.815,104.108,103.551,103.544,62.948,77.205,95.174,111.940,128.282,144.902,104.603,100.889,103.535,103.201,104.045,104.649,106.564,107.056,106.185,105.184,101.338,102.847
105,106.384,105.363,104.768,105.251,104.891,105.780,105.072,104.516,104.508,63.844,78.094,96.119,112.943,129.326,145.969,105.593,102.157,104.685,104.223,104.971,105.492,107.307,107.643,107.010,106.060,102.474,103.828
106,107.373,106.348,105.748,106.219,105.850,106.742,106.060,105.495,105.492,64.758,79.019,97.073,113.955,130.344,147.033,106.558,103.443,105.810,105.253,105.912,106.336,108.055,108.243,107.808,106.913,103.586,104.808
107,108.357,107.329,106.722,107.202,106.840,107.720,107.036,106.475,106.490,65.667,79.942,98.005,114.972,131.347,148.104,107.543,104.688,106.949,106.303,106.863,107.182,108.803,108.883,108.619,107.764,104.707,105.784
108,109.361,108.322,107.698,108.176,107.834,108.708,108.007,107.458,107.480,66.572,80.870,98.950,115.992,132.371,149.207,108.542,105.944,108.066,107.356,107.821,108.037,109.555,109.537,109.440,108.625,105.855,106.775
109,110.357,109.300,108.680,109.156,108.821,109.719,109.003,108.434,108.479,67.497,81.786,99.921,117.032,133.425,150.327,109.535,107.170,109.213,108.388,108.761,108.908,110.329,110.225,110.263,109.502,107.012,107.769
110,111.370,110.289,109.669,110.179,109.829,110.730,110.004,109.430,109.487,68.452,82.722,100.889,118.074,134.475,151.398,110.541,108.353,110.333,109.439,109.725,109.777,111.139,110.957,111.109,110.399,108.175,108.748
111,112.389,111.277,110.676,111.202,110.813,111.724,111.009,110.447,110.490,69.405,83.694,101.881,119.109,135.533,152.481,111.528,109.488,111.449,110.481,110.698,110.659,111.948,111.690,111.974,111.326,109.357,109.737
112,113.398,112.285,111.678,112.223,111.816,112.751,112.033,111.457,111.495,70.357,84.658,102.882,120.117,136.548,153.533,112.534,110.632,112.560,111.520,111.676,111.556,112.796,112.477,112.857,112.245,110.536,110.750
113,114.397,113.303,112.674,113.254,112.830,113.783,113.051,112.476,112.504,71.328,85.617,103.879,121.125,137.563,154.575,113.534,111.766,113.645,112.573,112.667,112.456,113.664,113.299,113.752,113.208,111.741,111.756
114,115.431,114.325,113.680,114.288,113.856,114.821,114.067,113.499,113.521,72.322,86.623,104.918,122.131,138.563,155.622,114.548,112.929,114.742,113.653,113.679,113.411,114.577,114.145,114.669,114.204,112.942,112.777
115,116.467,115.345,114.696,115.328,114.868,115.855,115.105,114.509,114.535,73.331,87.642,105.932,123.170,139.587,156.676,115.555,114.071,115.832,114.704,114.694,114.360,115.494,115.012,115.601,115.186,114.099,113.800
116,117.483,116.362,115.714,116.334,115.881,116.864,116.103,115.492,115.547,74.322,88.648,106.919,124.176,140.597,157.735,116.560,115.164,116.885,115.746,115.703,115.324,116.428,115.889,116.532,116.186,115.221,114.808
117,118.470,117.348,116.729,117.328,116.878,117.843,117.084,116.478,116.555,75.316,89.650,107.913,125.184,141.594,158.760,117.560,116.243,117.923,116.774,116.707,116.286,117.371,116.752,117.437,117.169,116.339,115.791
118,119.461,118.351,117.742,118.306,117.853,118.809,118.078,117.470,117.552,76.305,90.633,108.870,126.175,142.575,159.741,118.549,117.320,118.974,117.797,117.716,117.256,118.305,117.616,118.323,118.124,117.441,116.782
119,120.448,119.330,118.742,119.282,118.841,119.782,119.073,118.470,118.547,77.281,91.629,109.842,127.155,143.573,160.747,119.549,118.366,120.004,118.799,118.697,118.205,119.262,118.513,119.207,119.090,118.553,117.766
120,121.441,120.281,119.745,120.261,119.847,120.763,120.074,119.495,119.564,78.264,92.632,110.836,128.156,144.570,161.747,120.551,119.399,121.007,119.802,119.679,119.155,120.212,119.435,120.096,120.051,119.653,118.765
121,122.485,121.238,120.741,121.253,120.862,121.751,121.074,120.499,120.573,79.253,93.630,111.834,129.146,145.580,162.744,121.552,120.438,122.008,120.812,120.685,120.115,121.179,120.366,120.961,121.011,120.727,119.782
122,123.574,122.164,121.729,122.218,121.863,122.765,122.088,121.500,121.612,80.253,94.637,112.825,130.133,146.587,163.723,122.581,121.480,123.009,121.838,121.691,121.089,122.177,121.339,121.833,121.988,121.830,120.810
123,124.685,123.069,122.687,123.173,122.871,123.777,123.118,122.505,122.688,81.254,95.648,113.851,131.140,147.599,164.727,123.669,122.501,123.981,122.843,122.695,122.079,123.171,122.333,122.675,122.979,122.924,121.878
124,125.824,123.958,123.631,124.132,123.895,124.792,124.164,123.544,123.802,82.286,96.657,114.857,132.148,148.644,165.745,124.776,123.513,124.999,123.868,123.701,123.097,124.188,123.342,123.488,123.951,124.005,122.952
125,126.964,124.847,124.549,125.090,124.917,125.808,125.232,124.635,124.926,83.314,97.661,115.867,133.147,149.666,166.736,125.921,124.538,126.025,124.891,124.719,124.132,125.180,124.361,124.311,124.914,125.077,124.059
126,128.100,125.734,125.453,126.021,125.906,126.822,126.280,125.734,126.057,84.367,98.683,116.892,134.158,150.671,167.700,127.058,125.561,127.053,125.924,125.733,125.147,126.163,125.372,125.133,125.845,126.164,125.175
127,129.251,126.591,126.342,126.949,126.867,127.845,127.329,126.839,127.198,85.437,99.687,117.894,135.141,151.644,168.656,128.199,126.565,128.054,126.924,126.714,126.129,127.156,126.385,125.936,126.779,127.240,126.278
128,130.411,127.428,127.210,127.854,127.799,128.862,128.365,127.942,128.326,86.488,100.688,118.911,136.120,152.597,169.603,129.348,127.554,129.032,127.901,127.695,127.118,128.130,127.373,126.749,127.677,128.286,127.410
129,131.584,128.246,128.065,128.738,128.701,129.881,129.419,129.053,129.461,87.534,101.695,119.896,137.112,153.526,170.515,130.508,128.524,129.992,128.873,128.672,128.090,129.105,128.339,127.564,128.564,129.328,128.538
130,132.740,129.037,128.902,129.622,129.630,130.907,130.497,130.164,130.607,88.581,102.721,120.863,138.086,154.446,171.403,131.671,129.492,130.973,129.844,129.637,129.064,130.096,129.311,128.404,129.462,130.351,129.660
131,133.942,129.823,129.736,130.502,130.577,131.922,131.601,131.295,131.801,89.659,103.788,121.852,139.065,155.366,172.282,132.871,130.477,131.955,130.836,130.621,130.036,131.076,130.289,129.240,130.375,131.397,130.821
132,135.173,130.589,130.567,131.373,131.533,132.941,132.713,132.465,133.030,90.742,104.857,122.850,140.058,156.304,173.157,134.103,131.466,132.926,131.816,131.617,131.036,132.072,131.281,130.120,131.319,132.452,132.017
133,136.440,131.347,131.398,132.256,132.506,133.994,133.855,133.661,134.254,91.815,105.923,123.869,141.060,157.268,174.050,135.349,132.453,133.941,132.826,132.616,132.037,133.084,132.274,131.013,132.254,133.526,133.280
134,137.723,132.066,132.218,133.134,133.480,135.065,134.993,134.847,135.511,92.890,106.986,124.876,142.056,158.242,174.994,136.643,133.473,134.943,133.830,133.634,133.055,134.089,133.292,131.934,133.206,134.610,134.574
135,139.036,132.749,133.025,134.013,134.455,136.132,136.146,136.090,136.804,93.959,108.067,125.912,143.056,159.179,175.935,137.931,134.483,135.948,134.850,134.667,134.077,135.098,134.299,132.848,134.162,135.704,135.879
136,140.362,133.423,133.826,134.913,135.424,137.192,137.278,137.309,138.114,95.041,109.151,126.985,144.066,160.103,176.863,139.266,135.501,136.956,135.849,135.704,135.115,136.100,135.308,133.797,135.138,136.798,137.190
137,141.751,134.083,134.592,135.797,136.390,138.260,138.403,138.577,139.444,96.160,110.234,128.040,145.050,161.024,177.790,140.633,136.513,137.963,136.846,136.711,136.132,137.106,136.312,134.730,136.086,137.865,138.497
138,143.117,134.718,135.321,136.666,137.349,139.320,139.513,139.889,140.788,97.275,111.297,129.071,146.002,161.945,178.691,141.979,137.528,138.948,137.844,137.689,137.119,138.103,137.291,135.644,137.013,138.921,139.827
139,144.478,135.320,136.026,137.544,138.289,140.362,140.632,141.200,142.142,98.383,112.360,130.115,146.952,162.880,179.579,143.325,138.526,139.948,138.847,138.673,138.093,139.094,138.284,136.537,137.951,140.006,141.171
140,145.852,135.896,136.701,138.367,139.207,141.394,141.752,142.464,143.524,99.493,113.419,131.126,147.899,163.797,180.459,144.691,139.519,140.936,139.847,139.664,139.082,140.083,139.289,137.433,138.891,141.066,142.507
141,147.236,136.465,137.379,139.187,140.103,142.389,142.898,143.736,144.906,100.609,114.502,132.121,148.854,164.697,181.323,146.056,140.508,141.889,140.840,140.643,140.082,141.077,140.290,138.344,139.875,142.113,143.900
142,148.629,137.027,138.070,140.000,141.001,143.380,144.044,144.973,146.320,101.738,115.595,133.124,149.808,165.583,182.186,147.464,141.518,142.854,141.843,141.631,141.104,142.067,141.296,139.257,140.879,143.188,145.298
143,150.079,137.563,138.748,140.815,141.917,144.370,145.199,146.236,147.746,102.870,116.710,134.156,150.772,166.461,183.047,148.889,142.528,143.824,142.853,142.635,142.150,143.070,142.310,140.163,141.860,144.253,146.703
144,151.480,138.098,139.437,141.635,142.858,145.379,146.380,147.521,149.206,104.008,117.792,135.184,151.720,167.326,183.853,150.316,143.510,144.786,143.837,143.624,143.151,144.048,143.309,141.074,142.833,145.320,148.128
145,152.930,138.626,140.133,142.474,143.811,146.431,147.590,148.864,150.719,105.196,118.905,136.226,152.669,168.212,184.667,151.777,144.497,145.745,144.816,144.626,144.163,145.026,144.305,142.006,143.824,146.406,149.618
146,154.476,139.173,140.828,143.317,144.779,147.525,148.836,150.270,152.218,106.431,120.053,137.279,153.643,169.117,185.481,153.278,145.484,146.720,145.798,145.623,145.164,146.015,145.310,142.961,144.819,147.514,151.178
147,156.069,139.710,141.515,144.137,145.741,148.678,150.079,151.660,153.736,107.698,121.187,138.327,154.633,170.041,186.294,154.839,146.496,147.747,146.799,146.633,146.182,147.026,146.321,143.912,145.791,148.616,152.728
148,157.680,140.238,142.191,144.938,146.674,149.802,151.317,153.000,155.299,108.931,122.306,139.384,155.620,170.972,187.128,156.410,147.510,148.820,147.819,147.650,147.180,148.034,147.321,144.853,146.750,149.692,154.255
149,159.209,140.735,142.838,145.708,147.564,150.859,152.566,154.309,156.824,110.117,123.398,140.399,156.593,171.884,187.967,157.965,148.512,149.853,148.827,148.660,148.168,149.050,148.325,145.756,147.671,150.734,155.768
150,160.720,141.224,143.466,146.461,148.442,151.869,153.797,155.602,158.354,111.251,124.484,141.427,157.571,172.791,188.787,159.492,149.511,150.848,149.831,149.675,149.172,150.080,149.332,146.625,148.559,151.756,157.268
151,162.196,141.713,144.099,147.208,149.324,152.867,155.028,156.918,159.873,112.395,125.572,142.449,158.556,173.683,189.581,160.992,150.521,151.839,150.841,150.685,150.186,151.082,150.338,147.488,149.459,152.802,158.775
152,163.647,142.203,144.731,147.948,150.214,153.871,156.235,158.280,161.395,113.569,126.670,143.469,159.535,174.556,190.358,162.475,151.545,152.838,151.858,151.695,151.205,152.082,151.345,148.339,150.353,153.883,160.305
153,165.131,142.689,145.363,148.700,151.135,154.931,157.432,159.677,162.882,114.769,127.779,144.491,160.489,175.433,191.140,163.961,152.566,153.823,152.867,152.696,152.221,153.078,152.360,149.215,151.267,154.972,161.856
154,166.680,143.169,145.993,149.470,152.084,156.011,158.593,161.062,164.364,115.976,128.868,145.533,161.430,176.295,191.917,165.463,153.568,154.820,153.852,153.689,153.228,154.088,153.357,150.081,152.198,156.050,163.351
155,168.220,143.629,146.613,150.231,153.030,157.082,159.799,162.437,165.851,117.175,129.918,146.576,162.373,177.160,192.684,166.986,154.557,155.834,154.851,154.681,154.220,155.094,154.342,150.903,153.125,157.177,164.808
156,169.709,144.085,147.220,150.967,153.947,158.126,161.011,163.815,167.354,118.352,130.974,147.619,163.307,178.035,193.455,168.505,155.551,156.835,155.838,155.672,155.204,156.088,155.340,151.734,154.034,158.336,166.288
157,171.231,144.544,147.842,151.707,154.842,159.180,162.243,165.203,168.907,119.547,132.086,148.689,164.265,178.945,194.256,170.034,156.556,157.846,156.845,156.671,156.219,157.080,156.350,152.567,154.926,159.466,167.808
158,172.767,145.008,148.463,152.447,155.751,160.255,163.487,166.571,170.442,120.770,133.227,149.722,165.193,179.834,195.064,171.568,157.567,158.825,157.851,157.669,157.230,158.074,157.366,153.405,155.820,160.614,169.341
159,174.279,145.481,149.098,153.194,156.676,161.352,164.745,167.976,172.028,122.028,134.433,150.771,166.122,180.714,195.881,173.112,158.574,159.809,158.851,158.662,158.250,159.075,158.383,154.260,156.698,161.748,170.915
160,175.784,145.964,149.731,153.947,157.637,162.471,165.981,169.378,173.618,123.308,135.657,151.838,167.085,181.589,196.663,174.641,159.581,160.785,159.866,159.695,159.266,160.071,159.404,155.125,157.607,162.877,172.573
161,177.399,146.454,150.368,154.711,158.625,163.594,167.257,170.774,175.144,124.608,136.885,152.937,168.075,182.436,197.423,176.159,160.592,161.812,160.886,160.707,160.285,161.069,160.418,155.990,158.542,164.014,174.222
162,179.077,146.937,150.996,155.486,159.581,164.731,168.524,172.114,176.660,125.923,138.080,154.055,169.079,183.293,198.174,177.749,161.591,162.826,161.885,161.691,161.263,162.074,161.412,156.834,159.444,165.082,175.751
163,180.691,147.408,151.611,156.270,160.524,165.874,169.780,173.463,178.243,127.223,139.247,155.134,170.066,184.146,198.898,179.364,162.578,163.865,162.871,162.677,162.228,163.061,162.381,157.680,160.334,166.153,177.229
164,182.183,147.869,152.223,157.058,161.445,166.984,171.031,174.833,179.822,128.489,140.387,156.192,171.032,184.998,199.647,180.924,163.568,164.876,163.861,163.666,163.187,164.052,163.349,158.517,161.232,167.217,178.736
165,183.687,148.330,152.844,157.867,162.381,168.096,172.281,176.232,181.376,129.765,141.546,157.230,171.984,185.882,200.406,182.433,164.586,165.913,164.877,164.675,164.209,165.097,164.358,159.367,162.130,168.241,180.304
166,185.293,148.801,153.481,158.687,163.331,169.216,173.616,177.710,182.936,131.071,142.727,158.271,172.918,186.780,201.181,183.988,165.644,166.977,165.938,165.728,165.265,166.167,165.408,160.220,163.057,169.262,181.865
167,186.939,149.277,154.116,159.506,164.284,170.336,174.922,179.161,184.506,132.405,143.931,159.342,173.864,187.662,201.955,185.608,166.717,168.050,167.019,166.792,166.328,167.239,166.477,161.061,163.986,170.310,183.421
168,188.532,149.749,154.728,160.312,165.198,171.454,176.208,180.562,186.110,133.744,145.131,160.416,174.827,188.533,202.690,187.234,167.770,169.076,168.069,167.848,167.388,168.286,167.536,161.892,164.917,171.386,184.994
169,190.021,150.222,155.323,161.103,166.116,172.545,177.452,181.913,187.714,135.034,146.289,161.446,175.774,189.375,203.398,188.775,168.769,170.024,169.061,168.874,168.416,169.273,168.557,162.690,165.828,172.472,186.574
170,191.451,150.696,155.921,161.860,167.006,173.616,178.633,183.218,189.248,136.282,147.430,162.452,176.711,190.178,204.084,190.184,169.720,170.972,170.015,169.841,169.400,170.215,169.540,163.480,166.745,173.579,188.153
171,192.875,151.171,156.506,162.592,167.882,174.674,179.765,184.448,190.626,137.480,148.557,163.440,177.626,190.964,204.767,191.559,170.632,171.919,170.932,170.780,170.326,171.119,170.470,164.253,167.632,174.648,189.612
172,194.327,151.653,157.092,163.328,168.761,175.760,180.963,185.703,192.033,138.694,149.657,164.435,178.555,191.746,205.452,192.968,171.564,172.894,171.872,171.718,171.253,172.060,171.405,165.038,168.523,175.724,190.980
173,195.790,152.139,157.710,164.094,169.681,176.819,182.197,187.043,193.467,139.899,150.768,165.447,179.498,192.554,206.143,194.439,172.533,173.873,172.850,172.690,172.206,173.039,172.348,165.849,169.442,176.848,192.365
174,197.279,152.639,158.334,164.898,170.634,177.851,183.441,188.408,194.939,141.136,151.925,166.487,180.437,193.377,206.841,195.920,173.532,174.858,173.853,173.676,173.178,174.038,173.351,166.687,170.396,178.047,193.836
175,198.779,153.147,158.957,165.711,171.562,178.870,184.646,189.789,196.441,142.381,153.110,167.557,181.387,194.205,207.553,197.436,174.545,175.866,174.854,174.675,174.193,175.056,174.359,167.548,171.396,179.317,195.343
176,200.224,153.660,159.598,166.520,172.483,179.896,185.804,191.179,197.952,143.662,154.317,168.650,182.350,195.024,208.262,198.923,175.537,176.869,175.842,175.686,175.200,176.075,175.354,168.422,172.397,180.557,196.828
177,201.651,154.188,160.254,167.323,173.407,180.949,186.992,192.547,199.395,144.977,155.474,169.703,183.330,195.853,208.969,200.360,176.516,177.905,176.856,176.675,176.183,177.068,176.337,169.290,173.378,181.719,198.330
178,203.132,154.723,160.924,168.134,174.332,182.029,188.196,193.850,200.787,146.313,156.624,170.736,184.302,196.686,209.641,201.755,177.491,178.901,177.859,177.669,177.170,178.066,177.330,170.162,174.355,182.837,199.772
179,204.598,155.268,161.605,168.961,175.280,183.093,189.388,195.128,202.218,147.643,157.803,171.814,185.251,197.535,210.320,203.205,178.485,179.928,178.863,178.660,178.166,179.063,178.317,171.027,175.308,183.949,201.150
180,205.985,155.815,162.278,169.748,176.198,184.090,190.480,196.372,203.666,148.924,158.990,172.876,186.144,198.362,211.009,204.640,179.497,180.927,179.839,179.635,179.141,180.052,179.309,171.885,176.209,185.056,202.557
181,207.422,156.381,162.968,170.533,177.135,185.106,191.598,197.697,205.129,150.235,160.179,173.930,187.047,199.170,211.729,206.078,180.517,181.917,180.836,180.639,180.150,181.055,180.318,172.761,177.125,186.165,204.023
182,208.901,156.952,163.678,171.311,178.081,186.125,192.709,198.984,206.534,151.572,161.327,174.939,187.946,199.943,212.457,207.502,181.483,182.929,181.831,181.634,181.140,182.069,181.316,173.642,178.093,187.294,205.462
183,210.329,157.490,164.375,172.076,178.998,187.153,193.856,200.216,207.918,152.871,162.468,175.961,188.846,200.695,213.155,208.929,182.437,183.912,182.798,182.590,182.117,183.050,182.289,174.505,179.026,188.337,206.797
184,211.734,158.032,165.080,172.844,179.892,188.186,195.008,201.444,209.301,154.106,163.591,176.996,189.759,201.450,213.823,210.352,183.402,184.885,183.758,183.544,183.094,183.996,183.235,175.343,179.933,189.337,208.166
185,213.029,158.553,165.767,173.607,180.735,189.153,196.083,202.645,210.638,155.277,164.657,177.975,190.603,202.188,214.426,211.667,184.338,185.802,184.675,184.472,184.013,184.907,184.138,176.120,180.779,190.269,209.524
186,214.334,159.128,166.506,174.443,181.655,190.161,197.178,203.938,212.010,156.576,165.780,178.967,191.479,202.988,215.050,212.990,185.312,186.761,185.642,185.454,184.993,185.867,185.108,176.969,181.663,191.253,210.942
187,215.679,159.745,167.270,175.309,182.617,191.186,198.322,205.245,213.400,157.934,166.989,180.062,192.397,203.809,215.709,214.367,186.328,187.775,186.655,186.464,185.997,186.864,186.119,177.863,182.587,192.332,212.386
188,217.041,160.387,168.011,176.144,183.532,192.238,199.438,206.423,214.754,159.277,168.180,181.153,193.313,204.610,216.367,215.680,187.310,188.763,187.654,187.447,186.982,187.856,187.116,178.727,183.500,193.378,213.749
189,218.396,161.074,168.766,176.972,184.473,193.317,200.583,207.584,216.117,160.665,169.366,182.287,194.266,205.416,217.041,217.033,188.311,189.802,188.662,188.438,187.983,188.873,188.125,179.611,184.449,194.419,215.091
190,219.708,161.823,169.558,177.833,185.491,194.407,201.766,208.832,217.542,162.115,170.553,183.428,195.222,206.270,217.744,218.408,189.353,190.844,189.697,189.477,189.012,189.917,189.149,180.531,185.460,195.482,216.474
191,221.087,162.641,170.392,178.768,186.584,195.533,203.030,210.164,218.961,163.635,171.880,184.591,196.196,207.167,218.471,219.794,190.451,191.956,190.779,190.559,190.112,191.007,190.225,181.499,186.495,196.577,217.918
192,222.368,163.428,171.187,179.689,187.612,196.588,204.216,211.384,220.263,165.095,173.146,185.630,197.122,207.981,219.138,221.068,191.466,193.000,191.801,191.572,191.130,192.054,191.251,182.429,187.480,197.609,219.242
193,223.575,164.209,171.978,180.613,188.584,197.632,205.358,212.524,221.507,166.502,174.322,186.649,198.067,208.782,219.777,222.292,192.457,194.008,192.801,192.577,192.135,193.076,192.260,183.383,188.478,198.624,220.508
194,224.706,164.963,172.752,181.497,189.507,198.629,206.417,213.647,222.679,167.787,175.438,187.654,199.016,209.550,220.402,223.443,193.424,194.950,193.764,193.549,193.099,194.069,193.242,184.340,189.461,199.633,221.709
195,225.859,165.749,173.592,182.399,190.453,199.645,207.461,214.787,223.847,169.074,176.648,188.661,199.984,210.335,221.052,224.615,194.404,195.888,194.734,194.534,194.095,195.031,194.225,185.358,190.471,200.667,222.901
196,227.018,166.596,174.490,183.330,191.431,200.696,208.536,215.959,225.049,170.454,177.917,189.719,200.968,211.152,221.707,225.798,195.381,196.883,195.724,195.521,195.101,196.004,195.217,186.406,191.501,201.710,224.085
197,228.136,167.489,175.418,184.290,192.441,201.762,209.627,217.142,226.256,171.879,179.180,190.783,201.946,211.982,222.386,226.992,196.389,197.948,196.760,196.538,196.115,197.012,196.213,187.498,192.586,202.806,225.299
198,229.153,168.335,176.294,185.206,193.392,202.762,210.703,218.277,227.385,173.197,180.358,191.841,202.888,212.786,223.038,228.070,197.390,198.906,197.776,197.523,197.105,198.005,197.199,188.547,193.634,203.874,226.464
199,230.093,169.161,177.152,186.108,194.316,203.708,211.739,219.365,228.470,174.478,181.558,192.878,203.798,213.562,223.646,229.075,198.395,199.816,198.758,198.512,198.120,198.967,198.198,189.604,194.678,204.949,227.607
200,231.103,170.064,178.039,187.047,195.257,204.673,212.798,220.475,229.558,175.842,182.866,193.980,204.749,214.362,224.294,230.112,199.389,200.765,199.733,199.495,199.147,199.926,199.222,190.701,195.746,206.034,228.737
201,232.137,171.060,179.000,188.042,196.237,205.683,213.845,221.569,230.632,177.281,184.170,195.095,205.746,215.182,224.965,231.184,200.387,201.771,200.722,200.489,200.162,200.929,200.245,191.908,196.865,207.152,229.869
202,233.199,172.107,180.027,189.063,197.249,206.713,214.863,222.665,231.715,178.690,185.463,196.220,206.752,215.989,225.632,232.266,201.420,202.806,201.746,201.504,201.163,201.954,201.256,193.132,198.039,208.301,230.964
203,234.251,173.145,181.061,190.109,198.293,207.755,215.895,223.749,232.778,180.082,186.767,197.335,207.729,216.780,226.304,233.344,202.470,203.856,202.797,202.559,202.212,203.026,202.290,194.363,199.227,209.480,232.044
204,235.253,174.155,182.089,191.106,199.322,208.769,216.911,224.816,233.823,181.479,188.060,198.438,208.659,217.553,226.965,234.380,203.487,204.868,203.827,203.598,203.254,204.071,203.325,195.598,200.405,210.684,233.096
205,236.200,175.121,183.097,192.066,200.302,209.736,217.892,225.835,234.831,182.830,189.288,199.525,209.517,218.286,227.567,235.345,204.476,205.793,204.806,204.590,204.251,205.041,204.327,196.820,201.522,211.840,234.113
206,237.131,176.098,184.053,192.992,201.253,210.709,218.851,226.819,235.801,184.100,190.498,200.586,210.364,219.011,228.176,236.281,205.447,206.694,205.764,205.556,205.237,205.963,205.294,198.005,202.635,212.971,235.101
207,238.010,177.099,185.038,193.962,202.180,211.681,219.774,227.755,236.748,185.371,191.716,201.615,211.219,219.735,228.765,237.187,206.388,207.607,206.677,206.474,206.174,206.876,206.232,199.234,203.763,214.093,236.073
208,238.858,178.202,186.126,195.029,203.170,212.670,220.738,228.733,237.710,186.745,192.967,202.698,212.133,220.524,229.392,238.112,207.378,208.619,207.662,207.458,207.159,207.859,207.216,200.544,204.999,215.378,237.064
209,239.678,179.394,187.259,196.148,204.247,213.664,221.714,229.723,238.621,188.170,194.268,203.814,213.102,221.348,230.047,239.002,208.435,209.663,208.724,208.509,208.191,208.915,208.283,201.879,206.268,216.797,238.040
210,240.457,180.606,188.373,197.244,205.337,214.621,222.663,230.664,239.457,189.574,195.552,204.912,214.051,222.154,230.648,239.820,209.469,210.652,209.751,209.543,209.255,209.933,209.338,203.205,207.517,218.124,238.936
211,241.162,181.758,189.462,198.278,206.346,215.548,223.539,231.520,240.236,190.861,196.771,205.973,214.935,222.909,231.210,240.573,210.429,211.591,210.708,210.507,210.248,210.873,210.317,204.504,208.704,219.321,239.754
212,241.880,183.003,190.667,199.336,207.362,216.538,224.408,232.382,241.044,192.296,198.113,207.120,215.829,223.678,231.777,241.348,211.459,212.546,211.737,211.542,211.291,211.897,211.360,205.806,209.964,220.591,240.600
213,242.561,184.251,191.863,200.436,208.399,217.485,225.265,233.228,241.853,193.753,199.520,208.298,216.688,224.416,232.329,242.128,212.535,213.475,212.791,212.605,212.370,212.925,212.448,207.159,211.305,221.953,241.446
214,243.250,185.462,193.005,201.606,209.460,218.402,226.142,234.054,242.631,195.109,200.960,209.447,217.565,225.163,232.914,242.870,213.576,214.425,213.803,213.630,213.436,213.905,213.500,208.562,212.682,223.423,242.290
215,243.946,186.741,194.237,202.827,210.502,219.366,227.065,234.869,243.374,196.511,202.351,210.584,218.513,225.936,233.488,243.553,214.651,215.479,214.850,214.695,214.512,214.964,214.564,209.889,213.998,224.906,243.100
216,244.588,188.063,195.465,203.949,211.480,220.311,227.907,235.631,244.031,197.927,203.556,211.664,219.445,226.691,234.063,244.216,215.687,216.504,215.871,215.728,215.549,216.023,215.602,211.168,215.290,226.264,243.763
217,245.219,189.533,196.735,205.110,212.562,221.282,228.717,236.419,244.680,199.397,204.784,212.785,220.403,227.482,234.654,244.866,216.682,217.484,216.874,216.744,216.562,217.026,216.622,212.605,216.737,227.620,244.411
218,245.832,191.026,198.082,206.260,213.707,222.252,229.555,237.238,245.322,200.874,206.124,213.942,221.382,228.301,235.243,245.487,217.692,218.457,217.875,217.742,217.570,218.014,217.628,213.992,218.119,229.084,245.069
219,246.342,192.432,199.308,207.398,214.769,223.158,230.387,237.989,245.928,202.318,207.406,215.036,222.302,229.069,235.785,246.075,218.644,219.406,218.826,218.681,218.526,218.935,218.579,215.286,219.396,230.427,245.674
220,246.868,193.824,200.577,208.562,215.830,224.046,231.234,238.651,246.418,203.666,208.650,216.075,223.200,229.821,236.304,246.538,219.614,220.389,219.797,219.653,219.493,219.914,219.543,216.553,220.643,231.715,246.208
221,247.374,195.244,201.916,209.762,217.012,224.942,232.067,239.351,246.975,204.976,210.036,217.225,224.136,230.598,236.896,247.080,220.690,221.387,220.839,220.703,220.546,220.969,220.591,217.806,221.871,232.995,246.727
222,247.871,196.553,203.192,210.872,218.140,225.781,232.862,240.072,247.515,206.262,211.460,218.409,225.036,231.395,237.518,247.607,221.751,222.371,221.873,221.755,221.637,221.995,221.665,219.092,223.091,234.204,247.338
223,248.365,197.907,204.527,211.975,219.214,226.666,233.689,240.744,248.035,207.631,212.746,219.503,225.859,232.100,238.159,248.146,222.715,223.293,222.809,222.708,222.610,222.892,222.627,220.306,224.294,235.290,247.879
224,248.774,199.516,205.976,213.310,220.366,227.558,234.492,241.418,248.560,209.167,214.186,220.709,226.858,232.881,238.841,248.653,223.764,224.306,223.875,223.795,223.703,223.965,223.702,221.602,225.596,236.465,248.449
225,249.215,201.227,207.450,214.715,221.465,228.529,235.285,241.977,248.943,210.756,215.585,221.782,227.794,233.662,239.434,248.999,224.828,225.397,224.937,224.854,224.751,225.039,224.765,222.833,226.805,237.566,248.851
226,249.712,202.844,208.980,216.022,222.491,229.547,236.000,242.608,249.478,212.358,216.851,222.781,228.733,234.374,239.891,249.515,225.807,226.459,225.958,225.852,225.735,226.045,225.758,224.058,227.920,238.565,249.310
227,250.025,204.480,210.481,217.443,223.560,230.640,236.851,243.218,249.869,213.921,217.965,223.786,229.729,235.074,240.566,249.873,226.801,227.577,226.974,226.834,226.704,227.047,226.722,225.287,229.088,239.549,249.766
228,253.038,205.816,211.892,218.895,224.930,231.939,238.942,244.687,251.195,215.155,219.299,224.973,230.921,236.182,241.582,250.894,227.969,228.882,228.153,227.918,227.879,228.283,227.835,226.367,230.331,240.805,250.403
229,,,,,,,,,,,219.845,225.929,,,251.477,,,,,228.923,228.830,228.990,,,230.877,240.988,
230,,,,,,,,,,,,,,,,,,,,,,,,,,,
231,,,,,,,,,,,,,,,,,,,,,,,,,,,
232,,,,,,,,,,,,,,,,,,,,,,,,,,,
233,,,,,,,,,,,,,,,,,,,,,,,,,,,
234,,,,,,,,,,,,,,,,,,,,,,,,,,,
235,,,,,,,,,,,,,,,,,,,,,,,,,,,
236,,,,,,,,,,,,,,,,,,,,,,,,,,,
237,,,,,,,,,,,,,,,,,,,,,,,,,,,
238,,,,,,,,,,,,,,,,,,,,,,,,,,,
239,,,,,,,,,,,,,,,,,,,,,,,,,,,
240,,,,,,,,,,,,,,,,,,,,,,,,,,,
241,,,,,,,,,,,,,,,,,,,,,,,,,,,
242,,,,,,,,,,,,,,,,,,,,,,,,,,,
243,,,,,,,,,,,,,,,,,,,,,,,,,,,
244,,,,,,,,,,,,,,,,,,,,,,,,,,,
245,,,,,,,,,,,,,,,,,,,,,,,,,,,
246,,,,,,,,,,,,,,,,,,,,,,,,,,,
247,,,,,,,,,,,,,,,,,,,,,,,,,,,
248,,,,,,,,,,,,,,,,,,,,,,,,,,,
249,,,,,,,,,,,,,,,,,,,,,,,,,,,
250,,,,,,,,,,,,,,,,,,,,,,,,,,,
251,,,,,,,,,,,,,,,,,,,,,,,,,,,
252,,,,,,,,,,,,,,,,,,,,,,,,,,,
253,,,,,,,,,,,,,,,,,,,,,,,,,,,
254,,,,,,,,,,,,,,,,,,,,,,,,,,,
255,,,,,,,,,,,,,,,,,,,,,,,,,,,
