input,H1072175.JPG,H1072177.JPG,H1072179.JPG
0,,,
1,,,
2,1.406,3.593,0.000
3,2.566,5.373,0.000
4,3.557,6.987,0.065
5,4.470,8.741,0.201
6,5.314,10.487,0.287
7,6.456,12.701,0.376
8,7.744,15.185,0.465
9,8.901,17.433,0.535
10,9.953,19.415,0.591
11,11.053,21.535,0.648
12,12.155,23.535,0.704
13,13.180,25.496,0.755
14,14.177,27.450,0.800
15,15.152,29.227,0.840
16,16.119,30.864,0.880
17,17.047,32.578,0.919
18,18.008,34.379,0.960
19,19.012,36.219,1.010
20,19.982,38.033,1.161
21,20.997,39.956,1.325
22,21.993,41.827,1.484
23,22.965,43.545,1.635
24,23.943,45.332,1.788
25,24.936,47.161,1.937
26,25.917,49.026,2.205
27,26.909,50.805,2.564
28,27.901,52.545,2.922
29,28.928,54.311,3.371
30,29.989,56.093,3.849
31,31.072,57.917,4.402
32,32.133,59.639,4.979
33,33.107,61.327,5.589
34,33.992,62.909,6.158
35,34.863,64.538,6.755
36,35.768,66.215,7.422
37,36.716,67.882,8.135
38,37.702,69.572,8.885
39,38.730,71.270,9.644
40,39.713,72.946,10.442
41,40.666,74.551,11.258
42,41.608,76.138,12.139
43,42.599,77.811,13.086
44,43.632,79.587,14.124
45,44.703,81.348,15.235
46,45.794,83.109,16.420
47,46.880,84.823,17.614
48,47.938,86.483,18.823
49,48.960,88.093,20.031
50,49.957,89.687,21.224
51,50.947,91.265,22.443
52,51.951,92.845,23.668
53,52.972,94.437,24.961
54,54.039,96.049,26.281
55,55.100,97.709,27.643
56,56.157,99.382,29.037
57,57.186,101.013,30.443
58,58.199,102.590,31.823
59,59.175,104.096,33.233
60,60.167,105.598,34.626
61,61.157,107.114,36.028
62,62.129,108.596,37.489
63,63.128,110.066,38.976
64,64.135,111.520,40.455
65,65.132,112.925,41.903
66,66.106,114.335,43.366
67,67.090,115.750,44.867
68,68.071,117.167,46.366
69,69.074,118.593,47.827
70,70.068,119.960,49.286
71,71.075,121.355,50.794
72,72.093,122.705,52.311
73,73.094,124.043,53.834
74,74.062,125.390,55.385
75,75.041,126.735,56.955
76,76.055,128.111,58.525
77,77.074,129.501,60.071
78,78.075,130.910,61.670
79,79.095,132.318,63.280
80,80.137,133.680,64.876
81,81.154,135.051,66.499
82,82.158,136.406,68.108
83,83.158,137.708,69.683
84,84.156,138.968,71.223
85,85.135,140.172,72.716
86,86.104,141.407,74.220
87,87.090,142.669,75.773
88,88.078,143.932,77.323
89,89.081,145.156,78.890
90,90.065,146.377,80.513
91,91.057,147.608,82.104
92,92.053,148.818,83.663
93,93.025,150.006,85.186
94,94.021,151.217,86.700
95,95.032,152.441,88.206
96,96.053,153.660,89.711
97,97.068,154.863,91.203
98,98.058,156.068,92.691
99,99.085,157.249,94.166
100,100.106,158.459,95.659
101,101.130,159.638,97.100
102,102.129,160.788,98.523
103,103.127,161.916,99.883
104,104.109,163.060,101.232
105,105.084,164.132,102.540
106,106.071,165.215,103.859
107,107.070,166.316,105.148
108,108.068,167.406,106.423
109,109.076,168.473,107.629
110,110.076,169.549,108.840
111,111.076,170.594,110.020
112,112.085,171.638,111.192
113,113.118,172.695,112.347
114,114.128,173.742,113.484
115,115.154,174.793,114.628
116,116.153,175.788,115.744
117,117.132,176.775,116.824
118,118.131,177.776,117.908
119,119.133,178.726,118.960
120,120.180,179.657,119.979
121,121.271,180.620,120.993
122,122.382,181.600,122.004
123,123.498,182.583,123.040
124,124.634,183.591,124.080
125,125.763,184.563,125.091
126,126.919,185.485,126.074
127,128.079,186.371,127.043
128,129.234,187.235,128.026
129,130.440,188.092,129.009
130,131.647,188.923,129.989
131,132.885,189.765,130.970
132,134.159,190.618,131.970
133,135.402,191.479,132.981
134,136.693,192.340,133.997
135,138.012,193.194,135.010
136,139.359,194.035,136.003
137,140.706,194.859,136.985
138,142.046,195.662,137.977
139,143.383,196.458,138.990
140,144.743,197.250,139.993
141,146.156,198.012,140.967
142,147.626,198.787,141.955
143,149.127,199.541,142.924
144,150.635,200.306,143.918
145,152.178,201.086,144.908
146,153.754,201.881,145.918
147,155.270,202.655,146.940
148,156.807,203.411,147.957
149,158.337,204.158,148.961
150,159.811,204.909,149.963
151,161.290,205.666,150.965
152,162.813,206.426,151.976
153,164.306,207.163,152.978
154,165.774,207.887,153.974
155,167.309,208.600,154.976
156,168.803,209.300,155.966
157,170.342,210.001,156.982
158,171.949,210.686,157.970
159,173.517,211.363,158.958
160,175.084,212.049,159.957
161,176.617,212.710,160.947
162,178.214,213.386,161.954
163,179.744,214.056,162.967
164,181.274,214.730,164.008
165,182.829,215.386,165.066
166,184.488,216.030,166.133
167,186.112,216.656,167.165
168,187.666,217.283,168.152
169,189.121,217.883,169.099
170,190.509,218.448,170.029
171,191.915,219.016,170.984
172,193.350,219.572,171.937
173,194.823,220.156,172.940
174,196.299,220.745,173.952
175,197.825,221.320,174.960
176,199.284,221.881,175.952
177,200.687,222.452,176.949
178,202.137,223.027,177.951
179,203.597,223.600,178.950
180,205.002,224.168,179.951
181,206.415,224.727,180.955
182,207.838,225.273,181.939
183,209.238,225.797,182.882
184,210.576,226.308,183.814
185,211.931,226.835,184.771
186,213.312,227.384,185.770
187,214.680,227.931,186.746
188,216.089,228.485,187.764
189,217.500,229.057,188.824
190,218.861,229.608,189.889
191,220.148,230.139,190.928
192,221.365,230.632,191.936
193,222.541,231.122,192.918
194,223.695,231.581,193.863
195,224.885,232.070,194.854
196,226.082,232.546,195.873
197,227.207,233.000,196.872
198,228.256,233.423,197.837
199,229.286,233.866,198.801
200,230.306,234.290,199.791
201,231.337,234.733,200.827
202,232.390,235.196,201.889
203,233.424,235.640,202.913
204,234.413,236.079,203.906
205,235.327,236.483,204.835
206,236.217,236.899,205.759
207,237.142,237.345,206.760
208,238.041,237.833,207.828
209,238.853,238.289,208.819
210,239.601,238.720,209.750
211,240.385,239.175,210.782
212,241.173,239.619,211.827
213,241.910,240.063,212.834
214,242.577,240.458,213.872
215,243.205,240.865,214.892
216,243.843,241.258,215.901
217,244.467,241.677,216.902
218,245.079,242.086,217.854
219,245.584,242.397,218.840
220,246.100,242.734,219.891
221,246.518,243.056,220.867
222,246.981,243.336,221.799
223,247.381,243.701,222.891
224,247.842,244.143,223.917
225,248.401,244.637,224.953
226,248.826,245.011,225.968
227,249.237,245.524,226.977
228,249.651,245.928,227.974
229,249.950,246.389,228.935
230,250.621,246.807,229.792
231,251.017,248.724,230.907
232,,,
233,,,
234,,,
235,,,
236,,,
237,,,
238,,,
239,,,
240,,,
241,,,
242,,,
243,,,
244,,,
245,,,
246,,,
247,,,
248,,,
249,,,
250,,,
251,,,
252,,,
253,,,
254,,,
255,,,
