input,Highlight -7,Highlight -5,Highlight -3,Highlight -1,Highlight +1,Highlight +3,Highlight +5,Highlight +7,Midtone -7,Midtone -5,Midtone -3,Midtone -1,Midtone +1,Midtone +3,Midtone +5,Midtone +7,Shadow -7,Shadow -5,Shadow -3,Shadow -1,Shadow +1,Shadow +3,Shadow +5,Shadow +7,Contrast -2,Contrast -1,Contrast +1,Contrast +2,High Key,Low Key
0,0.000,0.000,0.000,0.000,0.000,0.000,0.000,0.000,0.000,0.000,0.000,0.000,0.000,0.000,0.000,0.000,0.000,0.000,0.000,0.000,0.000,0.000,0.000,0.000,0.000,0.000,0.000,0.000,0.000,0.000
1,0.682,0.699,0.652,0.719,0.717,0.701,0.768,0.695,0.000,0.050,0.299,0.589,0.995,1.173,1.524,1.869,0.000,0.031,0.146,0.557,1.004,1.204,1.579,2.030,1.129,1.034,0.635,0.034,0.717,0.348
2,1.365,1.398,1.305,1.438,1.434,1.401,1.537,1.389,0.000,0.099,0.598,1.177,1.989,2.347,3.049,3.738,0.000,0.062,0.292,1.114,2.007,2.409,3.157,4.059,2.257,2.067,1.271,1.186,1.433,0.696
3,2.535,2.573,2.446,2.610,2.606,2.540,2.676,2.537,0.251,0.648,1.523,2.191,2.992,3.731,4.500,5.453,0.000,0.444,1.292,2.027,3.086,3.883,4.687,5.963,3.540,3.261,2.438,2.015,2.680,1.550
4,3.532,3.582,3.405,3.613,3.627,3.519,3.698,3.516,0.458,1.235,2.232,2.971,3.997,4.949,5.907,7.116,0.158,0.868,1.882,2.955,4.260,5.238,6.254,7.817,4.685,4.367,3.386,2.741,3.739,2.280
5,4.504,4.537,4.356,4.565,4.586,4.465,4.655,4.432,0.588,1.619,2.792,3.796,5.007,6.207,7.396,8.830,0.272,1.209,2.442,3.786,5.320,6.526,7.945,9.682,5.806,5.457,4.206,3.358,4.715,2.864
6,5.363,5.387,5.205,5.410,5.440,5.315,5.519,5.252,0.683,1.860,3.220,4.523,6.052,7.404,8.823,10.574,0.355,1.444,2.832,4.442,6.306,7.757,9.544,11.497,6.906,6.426,4.931,3.932,5.587,3.388
7,6.504,6.530,6.347,6.552,6.604,6.470,6.658,6.380,0.790,2.212,3.789,5.486,7.327,8.972,10.711,12.704,0.450,1.686,3.410,5.317,7.590,9.451,11.414,13.835,8.386,7.714,5.918,4.695,6.735,4.042
8,7.787,7.811,7.665,7.821,7.901,7.780,7.920,7.666,0.892,2.669,4.498,6.604,8.787,10.770,12.833,15.248,0.538,1.922,4.120,6.399,9.035,11.259,13.595,16.416,10.002,9.080,6.941,5.470,8.058,4.870
9,8.954,8.968,8.891,8.943,9.044,9.011,9.036,8.877,0.968,3.027,5.125,7.607,10.120,12.350,14.769,17.524,0.604,2.215,4.802,7.327,10.336,12.839,15.811,18.747,11.473,10.403,7.836,6.113,9.252,5.639
10,10.015,10.005,10.007,9.945,10.027,10.089,10.000,9.979,1.082,3.446,5.732,8.504,11.313,13.814,16.515,19.528,0.658,2.511,5.431,8.160,11.466,14.362,17.740,20.952,12.743,11.555,8.639,6.732,10.332,6.316
11,11.094,11.060,11.118,10.992,11.023,11.133,10.992,11.098,1.241,3.859,6.347,9.444,12.546,15.353,18.213,21.452,0.711,2.801,6.111,9.002,12.600,15.953,19.609,23.072,14.112,12.696,9.497,7.379,11.446,7.036
12,12.168,12.163,12.207,12.057,12.079,12.160,12.038,12.153,1.401,4.323,7.002,10.407,13.756,16.772,19.901,23.371,0.762,3.102,6.824,9.892,13.785,17.394,21.413,25.081,15.489,13.844,10.356,8.043,12.578,7.824
13,13.212,13.233,13.235,13.146,13.132,13.145,13.123,13.113,1.560,4.791,7.689,11.363,14.929,18.069,21.405,25.187,0.813,3.431,7.464,10.853,14.993,18.759,23.072,27.036,16.699,14.960,11.155,8.714,13.664,8.550
14,14.234,14.250,14.226,14.214,14.196,14.081,14.163,14.030,1.711,5.228,8.351,12.374,16.095,19.425,22.938,27.012,0.861,3.742,8.063,11.830,16.195,20.168,24.613,28.864,17.827,16.009,11.903,9.359,14.680,9.232
15,15.246,15.230,15.190,15.222,15.241,15.025,15.189,14.958,1.855,5.650,8.987,13.342,17.210,20.762,24.479,28.796,0.909,4.051,8.618,12.773,17.332,21.602,26.117,30.638,18.934,16.965,12.597,9.975,15.621,9.882
16,16.221,16.176,16.150,16.196,16.244,15.954,16.188,15.919,1.992,6.055,9.572,14.237,18.266,22.045,25.998,30.509,0.954,4.377,9.167,13.673,18.368,22.951,27.637,32.422,20.032,17.941,13.281,10.565,16.541,10.559
17,17.162,17.098,17.096,17.144,17.224,16.910,17.164,16.856,2.155,6.420,10.145,15.075,19.305,23.282,27.464,32.162,1.000,4.699,9.713,14.607,19.399,24.284,29.197,34.175,21.145,18.956,13.953,11.155,17.447,11.232
18,18.123,18.020,18.021,18.088,18.178,17.861,18.114,17.806,2.321,6.789,10.741,15.890,20.383,24.573,29.027,33.851,1.136,5.031,10.286,15.525,20.452,25.636,30.789,35.972,22.243,20.024,14.670,11.768,18.357,11.903
19,19.120,19.023,18.994,19.056,19.176,18.855,19.081,18.778,2.490,7.165,11.353,16.717,21.463,25.851,30.597,35.637,1.281,5.406,10.891,16.411,21.539,26.977,32.383,37.761,23.341,21.128,15.440,12.436,19.313,12.567
20,20.123,20.017,19.975,20.048,20.175,19.883,20.061,19.759,2.654,7.531,11.944,17.533,22.509,27.145,32.128,37.459,1.423,5.778,11.510,17.259,22.621,28.275,33.940,39.552,24.457,22.185,16.219,13.114,20.281,13.223
21,21.128,21.049,20.997,21.061,21.177,20.903,21.057,20.760,2.822,7.906,12.557,18.383,23.606,28.518,33.739,39.376,1.569,6.174,12.150,18.108,23.768,29.636,35.565,41.431,25.636,23.322,17.042,13.851,21.291,13.901
22,22.126,22.065,22.011,22.072,22.215,21.919,22.053,21.767,2.988,8.304,13.181,19.247,24.734,29.959,35.444,41.351,1.712,6.612,12.835,18.987,24.921,30.971,37.250,43.239,26.813,24.470,17.871,14.604,22.311,14.611
23,23.076,23.037,22.968,23.056,23.248,22.916,23.045,22.739,3.191,8.686,13.808,20.098,25.853,31.333,37.136,43.200,1.847,7.031,13.522,19.893,26.059,32.206,38.810,45.020,28.019,25.581,18.693,15.334,23.296,15.312
24,24.057,23.995,23.923,24.029,24.249,23.915,24.060,23.737,3.383,9.062,14.437,20.899,26.941,32.673,38.809,44.992,1.973,7.504,14.188,20.821,27.189,33.447,40.334,46.759,29.283,26.678,19.519,16.041,24.252,16.010
25,25.072,24.975,24.887,25.020,25.289,24.928,25.059,24.734,3.573,9.470,15.066,21.719,28.047,34.023,40.423,46.916,2.191,7.972,14.874,21.769,28.242,34.743,41.897,48.478,30.619,27.777,20.347,16.759,25.219,16.743
26,26.065,25.944,25.898,25.999,26.306,25.959,26.054,25.731,3.759,9.868,15.711,22.566,29.169,35.439,41.986,48.924,2.431,8.510,15.606,22.691,29.275,36.056,43.392,50.168,31.968,28.892,21.191,17.517,26.208,17.495
27,27.071,26.932,26.912,26.973,27.301,26.974,27.059,26.749,3.941,10.297,16.346,23.423,30.238,36.881,43.632,50.807,2.667,9.052,16.370,23.587,30.347,37.296,44.846,51.842,33.298,30.081,22.098,18.288,27.204,18.254
28,28.067,27.953,27.951,27.950,28.304,27.986,28.049,27.762,4.161,10.733,16.966,24.273,31.273,38.264,45.274,52.556,2.893,9.646,17.134,24.435,31.410,38.491,46.283,53.481,34.611,31.232,23.013,19.081,28.209,19.012
29,29.050,28.947,28.985,28.953,29.290,28.996,29.013,28.771,4.399,11.183,17.606,25.150,32.355,39.597,46.873,54.333,3.210,10.268,17.927,25.281,32.457,39.726,47.737,55.042,35.929,32.349,23.925,19.889,29.236,19.790
30,30.074,29.979,30.045,29.980,30.308,30.024,29.982,29.834,4.639,11.671,18.256,26.027,33.506,40.922,48.461,56.101,3.615,10.918,18.731,26.119,33.473,40.961,49.128,56.508,37.268,33.502,24.880,20.705,30.289,20.593
31,31.152,31.033,31.128,31.029,31.332,31.085,31.003,30.889,4.884,12.166,18.923,26.939,34.695,42.269,50.046,57.836,4.033,11.649,19.580,26.985,34.497,42.194,50.489,57.942,38.652,34.674,25.867,21.564,31.367,21.467
32,32.244,32.081,32.186,32.075,32.352,32.166,32.037,31.946,5.141,12.675,19.599,27.859,35.855,43.636,51.558,59.536,4.584,12.395,20.447,27.881,35.528,43.383,51.755,59.327,40.079,35.858,26.851,22.462,32.452,22.379
33,33.254,33.077,33.179,33.082,33.330,33.177,33.023,32.934,5.399,13.163,20.269,28.762,36.931,44.930,52.983,61.166,5.111,13.124,21.312,28.778,36.538,44.494,52.922,60.631,41.381,37.005,27.800,23.356,33.474,23.287
34,34.172,33.974,34.104,34.000,34.255,34.099,33.937,33.864,5.635,13.628,20.912,29.621,37.939,46.174,54.304,62.685,5.643,13.822,22.153,29.681,37.528,45.535,54.013,61.863,42.532,38.079,28.677,24.217,34.453,24.162
35,35.060,34.855,34.976,34.853,35.119,34.943,34.790,34.729,5.865,14.076,21.529,30.443,38.929,47.308,55.526,64.178,6.167,14.510,22.941,30.566,38.505,46.530,55.028,63.049,43.612,39.080,29.508,25.048,35.438,24.999
36,35.943,35.722,35.862,35.741,36.026,35.774,35.664,35.597,6.107,14.533,22.166,31.286,39.913,48.442,56.783,65.699,6.744,15.228,23.742,31.464,39.511,47.534,56.052,64.237,44.711,40.057,30.336,25.914,36.428,25.815
37,36.881,36.659,36.786,36.679,37.011,36.686,36.616,36.531,6.380,15.022,22.834,32.168,40.931,49.610,58.135,67.298,7.375,15.999,24.564,32.399,40.537,48.542,57.108,65.419,45.877,41.049,31.179,26.798,37.436,26.631
38,37.855,37.662,37.756,37.696,38.042,37.667,37.635,37.495,6.670,15.523,23.540,33.070,41.972,50.820,59.606,68.981,8.077,16.818,25.432,33.385,41.606,49.599,58.232,66.621,47.014,42.036,32.075,27.726,38.440,27.495
39,38.851,38.705,38.772,38.706,39.072,38.675,38.660,38.486,6.977,16.044,24.265,33.974,43.056,52.079,61.161,70.684,8.857,17.706,26.349,34.408,42.662,50.686,59.392,67.840,48.148,43.060,33.036,28.676,39.441,28.396
40,39.863,39.724,39.783,39.701,40.084,39.687,39.687,39.491,7.310,16.556,24.994,34.866,44.173,53.376,62.693,72.404,9.644,18.615,27.312,35.473,43.695,51.773,60.566,69.039,49.267,44.069,33.968,29.608,40.417,29.276
41,40.829,40.691,40.763,40.674,41.063,40.656,40.669,40.454,7.634,17.047,25.697,35.734,45.262,54.665,64.210,74.088,10.420,19.531,28.264,36.475,44.682,52.816,61.690,70.170,50.323,45.049,34.876,30.513,41.370,30.134
42,41.792,41.621,41.698,41.627,42.028,41.616,41.627,41.386,7.944,17.539,26.380,36.570,46.331,55.904,65.640,75.723,11.190,20.444,29.213,37.432,45.633,53.843,62.738,71.234,51.320,46.008,35.766,31.370,42.321,30.962
43,42.782,42.572,42.645,42.601,43.012,42.598,42.598,42.349,8.283,18.046,27.071,37.421,47.413,57.144,67.112,77.349,11.996,21.398,30.168,38.363,46.576,54.886,63.776,72.268,52.316,47.003,36.703,32.249,43.290,31.796
44,43.795,43.575,43.657,43.623,44.035,43.613,43.595,43.354,8.639,18.600,27.790,38.324,48.547,58.478,68.653,79.030,12.916,22.405,31.162,39.341,47.582,55.969,64.834,73.305,53.330,48.014,37.683,33.153,44.296,32.678
45,44.850,44.619,44.695,44.664,45.095,44.669,44.614,44.391,8.996,19.168,28.538,39.257,49.706,59.860,70.202,80.733,13.936,23.441,32.219,40.364,48.652,57.063,65.881,74.346,54.388,49.024,38.703,34.069,45.338,33.585
46,45.917,45.680,45.793,45.741,46.172,45.745,45.660,45.455,9.396,19.738,29.280,40.187,50.891,61.257,71.777,82.435,15.003,24.500,33.285,41.415,49.759,58.141,66.899,75.328,55.434,50.049,39.792,34.981,46.408,34.488
47,46.990,46.751,46.901,46.805,47.246,46.840,46.706,46.528,9.784,20.327,30.026,41.106,52.081,62.633,73.311,84.170,16.080,25.582,34.365,42.490,50.867,59.192,67.887,76.259,56.444,51.065,40.886,35.881,47.495,35.406
48,48.075,47.806,48.005,47.858,48.308,47.905,47.774,47.616,10.186,20.921,30.790,42.030,53.232,63.961,74.818,85.860,17.190,26.687,35.465,43.553,51.927,60.201,68.849,77.180,57.417,52.046,41.956,36.766,48.603,36.335
49,49.117,48.850,49.061,48.909,49.352,48.974,48.826,48.666,10.593,21.520,31.523,42.950,54.365,65.204,76.272,87.447,18.319,27.777,36.573,44.596,52.929,61.175,69.774,78.043,58.320,53.017,42.983,37.635,49.702,37.271
50,50.150,49.872,50.086,49.912,50.388,50.022,49.831,49.694,10.982,22.112,32.238,43.902,55.481,66.404,77.704,88.974,19.432,28.895,37.678,45.626,53.919,62.111,70.660,78.865,59.192,53.965,43.975,38.518,50.793,38.213
51,51.154,50.863,51.080,50.895,51.386,51.037,50.832,50.688,11.391,22.729,32.970,44.861,56.555,67.593,79.102,90.469,20.556,30.029,38.776,46.660,54.904,63.017,71.513,79.655,60.025,54.901,44.951,39.422,51.863,39.152
52,52.165,51.873,52.066,51.909,52.412,52.019,51.812,51.671,11.800,23.333,33.691,45.814,57.619,68.768,80.460,92.000,21.692,31.182,39.854,47.676,55.875,63.878,72.339,80.400,60.853,55.861,45.926,40.316,52.933,40.077
53,53.159,52.872,53.064,52.923,53.447,53.024,52.815,52.669,12.211,23.948,34.443,46.748,58.682,69.957,81.808,93.538,22.871,32.351,40.940,48.726,56.845,64.739,73.155,81.124,61.689,56.826,46.921,41.220,53.994,41.023
54,54.182,53.907,54.088,53.965,54.492,54.032,53.830,53.684,12.640,24.569,35.213,47.670,59.773,71.190,83.164,95.082,24.108,33.525,42.119,49.762,57.799,65.614,73.974,81.850,62.535,57.775,47.898,42.127,55.039,41.976
55,55.239,54.953,55.143,55.004,55.546,55.086,54.888,54.740,13.088,25.208,35.992,48.601,60.872,72.490,84.549,96.675,25.417,34.730,43.333,50.821,58.752,66.504,74.793,82.565,63.405,58.764,48.890,43.071,56.127,42.957
56,56.287,55.968,56.186,56.061,56.618,56.144,55.956,55.817,13.564,25.869,36.786,49.542,61.979,73.796,85.963,98.285,26.761,35.987,44.530,51.895,59.739,67.381,75.592,83.274,64.300,59.769,49.896,44.058,57.262,43.972
57,57.324,56.997,57.236,57.095,57.650,57.191,57.000,56.860,14.049,26.533,37.609,50.488,63.080,75.077,87.363,99.903,28.100,37.302,45.729,52.991,60.716,68.261,76.389,83.971,65.230,60.820,50.894,45.088,58.398,45.018
58,58.324,58.016,58.259,58.109,58.679,58.212,58.013,57.868,14.556,27.184,38.431,51.422,64.156,76.346,88.775,101.495,29.449,38.597,46.934,54.075,61.658,69.125,77.171,84.643,66.156,61.860,51.885,46.145,59.528,46.076
59,59.335,59.013,59.262,59.089,59.684,59.213,59.019,58.871,15.055,27.824,39.231,52.341,65.194,77.548,90.140,103.038,30.796,39.881,48.161,55.116,62.585,69.947,77.918,85.288,67.085,62.870,52.872,47.223,60.623,47.145
60,60.335,59.984,60.254,60.087,60.668,60.198,60.005,59.854,15.561,28.458,39.984,53.247,66.232,78.762,91.492,104.524,32.095,41.145,49.389,56.172,63.497,70.782,78.644,85.903,68.049,63.897,53.849,48.292,61.717,48.202
61,61.334,60.990,61.240,61.070,61.691,61.204,60.995,60.845,16.076,29.107,40.740,54.175,67.303,79.969,92.852,106.023,33.444,42.423,50.614,57.261,64.407,71.594,79.351,86.508,69.019,64.927,54.855,49.381,62.790,49.304
62,62.326,62.006,62.252,62.065,62.698,62.190,61.993,61.850,16.590,29.770,41.472,55.098,68.385,81.157,94.192,107.477,34.790,43.723,51.801,58.343,65.300,72.397,80.042,87.109,70.049,65.950,55.873,50.505,63.868,50.426
63,63.328,63.004,63.252,63.081,63.697,63.210,62.985,62.846,17.117,30.435,42.229,56.034,69.474,82.334,95.535,108.953,36.174,45.041,52.980,59.426,66.231,73.221,80.737,87.710,71.111,67.012,56.889,51.671,64.928,51.555
64,64.331,64.009,64.255,64.103,64.711,64.203,63.971,63.855,17.662,31.115,43.000,56.981,70.534,83.486,96.881,110.420,37.568,46.331,54.159,60.520,67.163,74.049,81.420,88.284,72.167,68.086,57.944,52.864,66.006,52.692
65,65.321,64.976,65.253,65.104,65.704,65.188,64.923,64.807,18.202,31.788,43.767,57.911,71.569,84.640,98.201,111.824,38.981,47.604,55.372,61.598,68.084,74.848,82.077,88.832,73.216,69.140,59.049,54.054,67.097,53.838
66,66.316,65.961,66.231,66.079,66.689,66.151,65.890,65.763,18.738,32.463,44.538,58.830,72.591,85.805,99.503,113.224,40.408,48.884,56.569,62.655,69.034,75.652,82.717,89.371,74.233,70.188,60.133,55.256,68.171,54.929
67,67.309,66.933,67.203,67.029,67.661,67.124,66.866,66.725,19.283,33.135,45.301,59.753,73.598,86.944,100.747,114.630,41.820,50.206,57.728,63.688,69.954,76.433,83.346,89.891,75.220,71.200,61.221,56.434,69.249,56.006
68,68.293,67.915,68.175,67.985,68.645,68.106,67.831,67.697,19.831,33.820,46.072,60.671,74.630,88.088,102.023,116.025,43.243,51.532,58.895,64.725,70.879,77.202,83.978,90.401,76.208,72.181,62.307,57.588,70.312,57.111
69,69.297,68.907,69.162,68.973,69.644,69.097,68.813,68.677,20.403,34.539,46.852,61.574,75.648,89.211,103.315,117.434,44.666,52.858,60.111,65.763,71.799,77.969,84.608,90.895,77.196,73.176,63.393,58.726,71.373,58.213
70,70.297,69.890,70.159,69.976,70.637,70.060,69.808,69.664,20.980,35.269,47.645,62.490,76.668,90.353,104.602,118.814,46.095,54.202,61.368,66.797,72.696,78.743,85.236,91.381,78.164,74.158,64.463,59.890,72.446,59.316
71,71.302,70.901,71.180,70.986,71.637,71.058,70.801,70.672,21.590,35.996,48.432,63.401,77.679,91.472,105.856,120.184,47.533,55.548,62.619,67.867,73.608,79.541,85.868,91.860,79.136,75.147,65.544,61.075,73.512,60.429
72,72.297,71.881,72.172,71.970,72.628,72.075,71.789,71.670,22.210,36.718,49.230,64.299,78.702,92.607,107.093,121.551,48.991,56.907,63.890,68.959,74.516,80.318,86.485,92.327,80.115,76.139,66.647,62.277,74.566,61.543
73,73.288,72.889,73.177,72.932,73.615,73.078,72.760,72.678,22.818,37.444,50.061,65.208,79.731,93.757,108.296,122.903,50.429,58.269,65.113,70.049,75.428,81.080,87.096,92.778,81.076,77.132,67.749,63.469,75.628,62.651
74,74.278,73.869,74.169,73.909,74.614,74.091,73.752,73.671,23.423,38.146,50.881,66.142,80.772,94.914,109.529,124.260,51.852,59.621,66.363,71.129,76.348,81.818,87.702,93.222,82.012,78.145,68.864,64.648,76.680,63.740
75,75.269,74.851,75.170,74.908,75.612,75.086,74.733,74.666,24.031,38.849,51.684,67.078,81.830,96.087,110.774,125.601,53.307,60.970,67.605,72.177,77.270,82.555,88.298,93.658,82.922,79.119,69.936,65.804,77.750,64.808
76,76.260,75.858,76.169,75.898,76.606,76.074,75.694,75.647,24.639,39.560,52.480,68.006,82.882,97.263,112.018,126.951,54.809,62.346,68.827,73.229,78.194,83.288,88.892,94.090,83.823,80.120,71.022,66.975,78.801,65.866
77,77.258,76.839,77.156,76.895,77.607,77.066,76.681,76.640,25.259,40.293,53.291,68.981,83.942,98.433,113.255,128.300,56.370,63.728,70.067,74.278,79.118,84.031,89.494,94.520,84.694,81.114,72.063,68.151,79.864,66.956
78,78.256,77.855,78.183,77.908,78.612,78.066,77.672,77.634,25.882,41.045,54.115,69.927,84.998,99.601,114.493,129.622,57.953,65.134,71.372,75.360,80.045,84.770,90.096,94.949,85.566,82.118,73.127,69.351,80.946,68.051
79,79.272,78.857,79.197,78.926,79.619,79.082,78.692,78.648,26.511,41.819,54.955,70.892,86.085,100.806,115.756,131.003,59.496,66.596,72.679,76.448,80.976,85.534,90.720,95.379,86.433,83.119,74.203,70.550,82.021,69.172
80,80.283,79.868,80.235,79.951,80.649,80.092,79.688,79.640,27.145,42.588,55.824,71.859,87.154,101.967,117.013,132.398,61.040,68.016,73.943,77.528,81.911,86.296,91.338,95.810,87.283,84.105,75.279,71.759,83.078,70.299
81,81.310,80.869,81.236,80.971,81.695,81.099,80.704,80.652,27.813,43.355,56.699,72.863,88.208,103.114,118.293,133.810,62.593,69.421,75.211,78.626,82.842,87.060,91.949,96.248,88.121,85.081,76.353,72.957,84.154,71.444
82,82.342,81.882,82.254,82.002,82.740,82.117,81.736,81.663,28.494,44.123,57.586,73.883,89.266,104.259,119.561,135.187,64.128,70.875,76.499,79.743,83.758,87.818,92.576,96.695,88.952,86.031,77.425,74.134,85.244,72.587
83,83.354,82.918,83.274,83.021,83.766,83.147,82.751,82.673,29.188,44.909,58.463,74.870,90.312,105.379,120.833,136.536,65.648,72.307,77.788,80.857,84.689,88.593,93.207,97.135,89.748,86.941,78.477,75.280,86.335,73.721
84,84.357,83.905,84.270,84.017,84.763,84.155,83.742,83.652,29.904,45.685,59.337,75.843,91.350,106.492,122.028,137.873,67.178,73.736,79.104,81.948,85.613,89.347,93.812,97.562,90.527,87.816,79.509,76.414,87.411,74.839
85,85.351,84.885,85.267,85.003,85.758,85.131,84.717,84.623,30.611,46.472,60.200,76.776,92.364,107.607,123.251,139.158,68.721,75.131,80.412,83.050,86.524,90.081,94.415,97.992,91.298,88.657,80.552,77.536,88.484,75.942
86,86.315,85.832,86.241,85.975,86.752,86.092,85.678,85.591,31.308,47.256,61.045,77.696,93.381,108.688,124.448,140.398,70.225,76.496,81.684,84.148,87.412,90.792,95.004,98.413,92.045,89.480,81.588,78.630,89.550,77.029
87,87.271,86.792,87.215,86.942,87.736,87.068,86.656,86.566,32.027,48.038,61.872,78.617,94.413,109.782,125.639,141.587,71.776,77.879,82.952,85.228,88.325,91.533,95.595,98.831,92.760,90.295,82.646,79.737,90.626,78.098
88,88.268,87.782,88.182,87.909,88.716,88.046,87.645,87.547,32.757,48.831,62.710,79.541,95.455,110.868,126.797,142.778,73.295,79.309,84.202,86.309,89.253,92.268,96.185,99.253,93.489,91.118,83.693,80.839,91.706,79.171
89,89.259,88.784,89.172,88.872,89.685,89.033,88.636,88.525,33.495,49.637,63.569,80.496,96.527,112.016,127.985,143.989,74.821,80.710,85.433,87.391,90.176,93.006,96.776,99.674,94.220,91.939,84.735,81.952,92.778,80.230
90,90.247,89.778,90.165,89.852,90.665,90.020,89.623,89.508,34.232,50.478,64.440,81.480,97.551,113.127,129.117,145.194,76.326,82.099,86.687,88.461,91.090,93.744,97.371,100.104,94.963,92.766,85.808,83.035,93.884,81.308
91,91.248,90.769,91.177,90.854,91.673,91.023,90.603,90.504,34.977,51.330,65.294,82.469,98.557,114.231,130.278,146.424,77.792,83.489,87.923,89.539,92.002,94.488,97.976,100.536,95.703,93.599,86.876,84.105,95.004,82.379
92,92.270,91.768,92.165,91.840,92.676,92.010,91.599,91.496,35.725,52.198,66.156,83.435,99.579,115.349,131.447,147.649,79.302,84.836,89.157,90.614,92.891,95.222,98.592,100.978,96.463,94.470,87.981,85.200,96.167,83.457
93,93.293,92.786,93.177,92.823,93.695,92.997,92.572,92.500,36.479,53.080,67.023,84.391,100.582,116.448,132.590,148.887,80.854,86.192,90.392,91.684,93.814,95.979,99.215,101.427,97.238,95.352,89.084,86.317,97.298,84.537
94,94.303,93.774,94.204,93.839,94.705,93.994,93.551,93.494,37.236,53.948,67.901,85.366,101.603,117.511,133.709,150.133,82.392,87.575,91.622,92.746,94.741,96.737,99.841,101.884,98.009,96.237,90.192,87.440,98.462,85.658
95,95.308,94.760,95.215,94.842,95.701,94.974,94.528,94.498,37.995,54.814,68.788,86.347,102.625,118.579,134.841,151.352,83.953,88.960,92.806,93.784,95.671,97.490,100.475,102.352,98.794,97.122,91.268,88.585,99.659,86.799
96,96.303,95.741,96.212,95.846,96.692,95.972,95.507,95.499,38.762,55.683,69.693,87.296,103.672,119.645,135.941,152.538,85.499,90.311,93.988,94.810,96.591,98.240,101.104,102.824,99.584,98.008,92.334,89.737,100.840,87.945
97,97.284,96.732,97.214,96.849,97.715,96.987,96.507,96.524,39.562,56.560,70.600,88.245,104.731,120.713,137.066,153.752,87.011,91.664,95.198,95.860,97.513,98.990,101.740,103.299,100.380,98.910,93.439,90.890,102.020,89.090
98,98.266,97.717,98.233,97.841,98.726,98.000,97.513,97.536,40.377,57.456,71.514,89.205,105.769,121.754,138.183,154.959,88.510,92.986,96.409,96.907,98.439,99.765,102.383,103.787,101.178,99.810,94.562,92.090,103.209,90.246
99,99.275,98.732,99.253,98.839,99.748,99.012,98.531,98.536,41.217,58.353,72.433,90.190,106.818,122.839,139.313,156.211,89.976,94.329,97.588,97.950,99.374,100.538,103.039,104.292,101.988,100.717,95.683,93.272,104.432,91.408
100,100.285,99.757,100.275,99.847,100.775,100.035,99.551,99.540,42.057,59.254,73.388,91.181,107.856,123.931,140.452,157.389,91.500,95.665,98.800,99.002,100.296,101.334,103.722,104.823,102.836,101.618,96.803,94.519,105.657,92.582
101,101.300,100.791,101.301,100.866,101.821,101.081,100.562,100.554,42.914,60.184,74.370,92.201,108.890,125.007,141.593,158.553,92.987,97.011,100.004,100.068,101.221,102.159,104.426,105.367,103.682,102.523,97.937,95.788,106.883,93.785
102,102.319,101.805,102.303,101.885,102.829,102.093,101.570,101.550,43.796,61.104,75.327,93.198,109.929,126.113,142.731,159.720,94.457,98.303,101.164,101.130,102.172,102.978,105.135,105.925,104.521,103.420,99.081,97.085,108.083,94.961
103,103.336,102.822,103.295,102.909,103.826,103.112,102.565,102.544,44.666,62.033,76.285,94.209,110.937,127.208,143.843,160.824,95.923,99.620,102.370,102.178,103.100,103.814,105.844,106.478,105.352,104.298,100.199,98.373,109.282,96.130
104,104.359,103.795,104.282,103.917,104.815,104.108,103.551,103.544,45.517,62.948,77.205,95.174,111.940,128.282,144.902,161.923,97.312,100.889,103.535,103.201,104.045,104.649,106.564,107.056,106.185,105.184,101.338,99.655,110.454,97.272
105,105.363,104.768,105.251,104.891,105.780,105.072,104.516,104.508,46.376,63.844,78.094,96.119,112.943,129.326,145.969,163.033,98.633,102.157,104.685,104.223,104.971,105.492,107.307,107.643,107.010,106.060,102.474,100.884,111.607,98.385
106,106.348,105.748,106.219,105.850,106.742,106.060,105.495,105.492,47.252,64.758,79.019,97.073,113.955,130.344,147.033,164.132,99.943,103.443,105.810,105.253,105.912,106.336,108.055,108.243,107.808,106.913,103.586,102.090,112.769,99.514
107,107.329,106.722,107.202,106.840,107.720,107.036,106.475,106.490,48.138,65.667,79.942,98.005,114.972,131.347,148.104,165.241,101.242,104.688,106.949,106.303,106.863,107.182,108.803,108.883,108.619,107.764,104.707,103.275,113.881,100.610
108,108.322,107.698,108.176,107.834,108.708,108.007,107.458,107.480,49.055,66.572,80.870,98.950,115.992,132.371,149.207,166.353,102.599,105.944,108.066,107.356,107.821,108.037,109.555,109.537,109.440,108.625,105.855,104.497,115.004,101.702
109,109.300,108.680,109.156,108.821,109.719,109.003,108.434,108.479,49.993,67.497,81.786,99.921,117.032,133.425,150.327,167.430,103.965,107.170,109.213,108.388,108.761,108.908,110.329,110.225,110.263,109.502,107.012,105.716,116.173,102.824
110,110.289,109.669,110.179,109.829,110.730,110.004,109.430,109.487,50.945,68.452,82.722,100.889,118.074,134.475,151.398,168.497,105.295,108.353,110.333,109.439,109.725,109.777,111.139,110.957,111.109,110.399,108.175,106.950,117.338,103.974
111,111.277,110.676,111.202,110.813,111.724,111.009,110.447,110.490,51.900,69.405,83.694,101.881,119.109,135.533,152.481,169.558,106.586,109.488,111.449,110.481,110.698,110.659,111.948,111.690,111.974,111.326,109.357,108.214,118.525,105.144
112,112.285,111.678,112.223,111.816,112.751,112.033,111.457,111.495,52.835,70.357,84.658,102.882,120.117,136.548,153.533,170.623,107.838,110.632,112.560,111.520,111.676,111.556,112.796,112.477,112.857,112.245,110.536,109.501,119.681,106.303
113,113.303,112.674,113.254,112.830,113.783,113.051,112.476,112.504,53.788,71.328,85.617,103.879,121.125,137.563,154.575,171.672,109.067,111.766,113.645,112.573,112.667,112.456,113.664,113.299,113.752,113.208,111.741,110.817,120.855,107.489
114,114.325,113.680,114.288,113.856,114.821,114.067,113.499,113.521,54.740,72.322,86.623,104.918,122.131,138.563,155.622,172.731,110.273,112.929,114.742,113.653,113.679,113.411,114.577,114.145,114.669,114.204,112.942,112.182,122.107,108.689
115,115.345,114.696,115.328,114.868,115.855,115.105,114.509,114.535,55.701,73.331,87.642,105.932,123.170,139.587,156.676,173.777,111.462,114.071,115.832,114.704,114.694,114.360,115.494,115.012,115.601,115.186,114.099,113.569,123.352,109.868
116,116.362,115.714,116.334,115.881,116.864,116.103,115.492,115.547,56.647,74.322,88.648,106.919,124.176,140.597,157.735,174.802,112.621,115.164,116.885,115.746,115.703,115.324,116.428,115.889,116.532,116.186,115.221,114.941,124.605,111.041
117,117.348,116.729,117.328,116.878,117.843,117.084,116.478,116.555,57.622,75.316,89.650,107.913,125.184,141.594,158.760,175.824,113.775,116.243,117.923,116.774,116.707,116.286,117.371,116.752,117.437,117.169,116.339,116.280,125.876,112.210
118,118.351,117.742,118.306,117.853,118.809,118.078,117.470,117.552,58.607,76.305,90.633,108.870,126.175,142.575,159.741,176.831,114.868,117.320,118.974,117.797,117.716,117.256,118.305,117.616,118.323,118.124,117.441,117.576,127.129,113.367
119,119.330,118.742,119.282,118.841,119.782,119.073,118.470,118.547,59.602,77.281,91.629,109.842,127.155,143.573,160.747,177.823,115.986,118.366,120.004,118.799,118.697,118.205,119.262,118.513,119.207,119.090,118.553,118.859,128.432,114.523
120,120.281,119.745,120.261,119.847,120.763,120.074,119.495,119.564,60.600,78.264,92.632,110.836,128.156,144.570,161.747,178.834,117.099,119.399,121.007,119.802,119.679,119.155,120.212,119.435,120.096,120.051,119.653,120.119,129.693,115.616
121,121.238,120.741,121.253,120.862,121.751,121.074,120.499,120.573,61.591,79.253,93.630,111.834,129.146,145.580,162.744,179.796,118.231,120.438,122.008,120.812,120.685,120.115,121.179,120.366,120.961,121.011,120.727,121.354,130.925,116.718
122,122.164,121.729,122.218,121.863,122.765,122.088,121.500,121.612,62.600,80.253,94.637,112.825,130.133,146.587,163.723,180.806,119.351,121.480,123.009,121.838,121.691,121.089,122.177,121.339,121.833,121.988,121.830,122.547,132.148,117.793
123,123.069,122.687,123.173,122.871,123.777,123.118,122.505,122.688,63.616,81.254,95.648,113.851,131.140,147.599,164.727,181.825,120.441,122.501,123.981,122.843,122.695,122.079,123.171,122.333,122.675,122.979,122.924,123.722,133.369,118.878
124,123.958,123.631,124.132,123.895,124.792,124.164,123.544,123.802,64.645,82.286,96.657,114.857,132.148,148.644,165.745,182.831,121.495,123.513,124.999,123.868,123.701,123.097,124.188,123.342,123.488,123.951,124.005,124.856,134.548,119.945
125,124.847,124.549,125.090,124.917,125.808,125.232,124.635,124.926,65.695,83.314,97.661,115.867,133.147,149.666,166.736,183.821,122.564,124.538,126.025,124.891,124.719,124.132,125.180,124.361,124.311,124.914,125.077,125.977,135.742,120.999
126,125.734,125.453,126.021,125.906,126.822,126.280,125.734,126.057,66.757,84.367,98.683,116.892,134.158,150.671,167.700,184.809,123.583,125.561,127.053,125.924,125.733,125.147,126.163,125.372,125.133,125.845,126.164,127.064,136.961,122.066
127,126.591,126.342,126.949,126.867,127.845,127.329,126.839,127.198,67.815,85.437,99.687,117.894,135.141,151.644,168.656,185.745,124.597,126.565,128.054,126.924,126.714,126.129,127.156,126.385,125.936,126.779,127.240,128.145,138.158,123.146
128,127.428,127.210,127.854,127.799,128.862,128.365,127.942,128.326,68.862,86.488,100.688,118.911,136.120,152.597,169.603,186.632,125.603,127.554,129.032,127.901,127.695,127.118,128.130,127.373,126.749,127.677,128.286,129.216,139.294,124.206
129,128.246,128.065,128.738,128.701,129.881,129.419,129.053,129.461,69.933,87.534,101.695,119.896,137.112,153.526,170.515,187.508,126.578,128.524,129.992,128.873,128.672,128.090,129.105,128.339,127.564,128.564,129.328,130.269,140.382,125.241
130,129.037,128.902,129.622,129.630,130.907,130.497,130.164,130.607,71.022,88.581,102.721,120.863,138.086,154.446,171.403,188.378,127.558,129.492,130.973,129.844,129.637,129.064,130.096,129.311,128.404,129.462,130.351,131.359,141.441,126.257
131,129.823,129.736,130.502,130.577,131.922,131.601,131.295,131.801,72.126,89.659,103.788,121.852,139.065,155.366,172.282,189.238,128.532,130.477,131.955,130.836,130.621,130.036,131.076,130.289,129.240,130.375,131.397,132.467,142.500,127.290
132,130.589,130.567,131.373,131.533,132.941,132.713,132.465,133.030,73.249,90.742,104.857,122.850,140.058,156.304,173.157,190.098,129.519,131.466,132.926,131.816,131.617,131.036,132.072,131.281,130.120,131.319,132.452,133.587,143.554,128.331
133,131.347,131.398,132.256,132.506,133.994,133.855,133.661,134.254,74.390,91.815,105.923,123.869,141.060,157.268,174.050,190.933,130.508,132.453,133.941,132.826,132.616,132.037,133.084,132.274,131.013,132.254,133.526,134.733,144.637,129.384
134,132.066,132.218,133.134,133.480,135.065,134.993,134.847,135.511,75.528,92.890,106.986,124.876,142.056,158.242,174.994,191.793,131.504,133.473,134.943,133.830,133.634,133.055,134.089,133.292,131.934,133.206,134.610,135.897,145.748,130.458
135,132.749,133.025,134.013,134.455,136.132,136.146,136.090,136.804,76.673,93.959,108.067,125.912,143.056,159.179,175.935,192.651,132.525,134.483,135.948,134.850,134.667,134.077,135.098,134.299,132.848,134.162,135.704,137.093,146.864,131.539
136,133.423,133.826,134.913,135.424,137.192,137.278,137.309,138.114,77.832,95.041,109.151,126.985,144.066,160.103,176.863,193.531,133.570,135.501,136.956,135.849,135.704,135.115,136.100,135.308,133.797,135.138,136.798,138.293,148.012,132.611
137,134.083,134.592,135.797,136.390,138.260,138.403,138.577,139.444,79.008,96.160,110.234,128.040,145.050,161.024,177.790,194.404,134.590,136.513,137.963,136.846,136.711,136.132,137.106,136.312,134.730,136.086,137.865,139.484,149.175,133.665
138,134.718,135.321,136.666,137.349,139.320,139.513,139.889,140.788,80.178,97.275,111.297,129.071,146.002,161.945,178.691,195.257,135.595,137.528,138.948,137.844,137.689,137.119,138.103,137.291,135.644,137.013,138.921,140.669,150.334,134.704
139,135.320,136.026,137.544,138.289,140.362,140.632,141.200,142.142,81.350,98.383,112.360,130.115,146.952,162.880,179.579,196.103,136.589,138.526,139.948,138.847,138.673,138.093,139.094,138.284,136.537,137.951,140.006,141.809,151.476,135.733
140,135.896,136.701,138.367,139.207,141.394,141.752,142.464,143.524,82.497,99.493,113.419,131.126,147.899,163.797,180.459,196.911,137.583,139.519,140.936,139.847,139.664,139.082,140.083,139.289,137.433,138.891,141.066,142.941,152.641,136.780
141,136.465,137.379,139.187,140.103,142.389,142.898,143.736,144.906,83.653,100.609,114.502,132.121,148.854,164.697,181.323,197.685,138.593,140.508,141.889,140.840,140.643,140.082,141.077,140.290,138.344,139.875,142.113,144.083,153.855,137.836
142,137.027,138.070,140.000,141.001,143.380,144.044,144.973,146.320,84.807,101.738,115.595,133.124,149.808,165.583,182.186,198.453,139.620,141.518,142.854,141.843,141.631,141.104,142.067,141.296,139.257,140.879,143.188,145.197,155.099,138.873
143,137.563,138.748,140.815,141.917,144.370,145.199,146.236,147.746,85.981,102.870,116.710,134.156,150.772,166.461,183.047,199.212,140.655,142.528,143.824,142.853,142.635,142.150,143.070,142.310,140.163,141.860,144.253,146.316,156.329,139.923
144,138.098,139.437,141.635,142.858,145.379,146.380,147.521,149.206,87.181,104.008,117.792,135.184,151.720,167.326,183.853,199.963,141.694,143.510,144.786,143.837,143.624,143.151,144.048,143.309,141.074,142.833,145.320,147.418,157.569,141.015
145,138.626,140.133,142.474,143.811,146.431,147.590,148.864,150.719,88.419,105.196,118.905,136.226,152.669,168.212,184.667,200.705,142.751,144.497,145.745,144.816,144.626,144.163,145.026,144.305,142.006,143.824,146.406,148.549,158.817,142.144
146,139.173,140.828,143.317,144.779,147.525,148.836,150.270,152.218,89.653,106.431,120.053,137.279,153.643,169.117,185.481,201.468,143.798,145.484,146.720,145.798,145.623,145.164,146.015,145.310,142.961,144.819,147.514,149.715,160.129,143.342
147,139.710,141.515,144.137,145.741,148.678,150.079,151.660,153.736,90.915,107.698,121.187,138.327,154.633,170.041,186.294,202.231,144.851,146.496,147.747,146.799,146.633,146.182,147.026,146.321,143.912,145.791,148.616,150.900,161.484,144.530
148,140.238,142.191,144.938,146.674,149.802,151.317,153.000,155.299,92.161,108.931,122.306,139.384,155.620,170.972,187.128,202.996,145.849,147.510,148.820,147.819,147.650,147.180,148.034,147.321,144.853,146.750,149.692,152.056,162.828,145.704
149,140.735,142.838,145.708,147.564,150.859,152.566,154.309,156.824,93.378,110.117,123.398,140.399,156.593,171.884,187.967,203.750,146.801,148.512,149.853,148.827,148.660,148.168,149.050,148.325,145.756,147.671,150.734,153.168,164.118,146.848
150,141.224,143.466,146.461,148.442,151.869,153.797,155.602,158.354,94.575,111.251,124.484,141.427,157.571,172.791,188.787,204.507,147.748,149.511,150.848,149.831,149.675,149.172,150.080,149.332,146.625,148.559,151.756,154.262,165.332,147.974
151,141.713,144.099,147.208,149.324,152.867,155.028,156.918,159.873,95.809,112.395,125.572,142.449,158.556,173.683,189.581,205.266,148.730,150.521,151.839,150.841,150.685,150.186,151.082,150.338,147.488,149.459,152.802,155.345,166.507,149.098
152,142.203,144.731,147.948,150.214,153.871,156.235,158.280,161.395,97.067,113.569,126.670,143.469,159.535,174.556,190.358,206.046,149.768,151.545,152.838,151.858,151.695,151.205,152.082,151.345,148.339,150.353,153.883,156.452,167.684,150.251
153,142.689,145.363,148.700,151.135,154.931,157.432,159.677,162.882,98.345,114.769,127.779,144.491,160.489,175.433,191.140,206.806,150.829,152.566,153.823,152.867,152.696,152.221,153.078,152.360,149.215,151.267,154.972,157.600,168.874,151.439
154,143.169,145.993,149.470,152.084,156.011,158.593,161.062,164.364,99.604,115.976,128.868,145.533,161.430,176.295,191.917,207.547,151.867,153.568,154.820,153.852,153.689,153.228,154.088,153.357,150.081,152.198,156.050,158.756,170.038,152.609
155,143.629,146.613,150.231,153.030,157.082,159.799,162.437,165.851,100.874,117.175,129.918,146.576,162.373,177.160,192.684,208.266,152.867,154.557,155.834,154.851,154.681,154.220,155.094,154.342,150.903,153.125,157.177,159.927,171.193,153.748
156,144.085,147.220,150.967,153.947,158.126,161.011,163.815,167.354,102.167,118.352,130.974,147.619,163.307,178.035,193.455,208.989,153.854,155.551,156.835,155.838,155.672,155.204,156.088,155.340,151.734,154.034,158.336,161.118,172.360,154.860
157,144.544,147.842,151.707,154.842,159.180,162.243,165.203,168.907,103.486,119.547,132.086,148.689,164.265,178.945,194.256,209.685,154.850,156.556,157.846,156.845,156.671,156.219,157.080,156.350,152.567,154.926,159.466,162.333,173.531,155.973
158,145.008,148.463,152.447,155.751,160.255,163.487,166.571,170.442,104.829,120.770,133.227,149.722,165.193,179.834,195.064,210.379,155.872,157.567,158.825,157.851,157.669,157.230,158.074,157.366,153.405,155.820,160.614,163.561,174.672,157.088
159,145.481,149.098,153.194,156.676,161.352,164.745,167.976,172.028,106.154,122.028,134.433,150.771,166.122,180.714,195.881,211.076,156.897,158.574,159.809,158.851,158.662,158.250,159.075,158.383,154.260,156.698,161.748,164.772,175.816,158.215
160,145.964,149.731,153.947,157.637,162.471,165.981,169.378,173.618,107.497,123.308,135.657,151.838,167.085,181.589,196.663,211.748,157.929,159.581,160.785,159.866,159.695,159.266,160.071,159.404,155.125,157.607,162.877,165.943,176.976,159.366
161,146.454,150.368,154.711,158.625,163.594,167.257,170.774,175.144,108.854,124.608,136.885,152.937,168.075,182.436,197.423,212.425,158.970,160.592,161.812,160.886,160.707,160.285,161.069,160.418,155.990,158.542,164.014,167.131,178.158,160.527
162,146.937,150.996,155.486,159.581,164.731,168.524,172.114,176.660,110.243,125.923,138.080,154.055,169.079,183.293,198.174,213.091,159.981,161.591,162.826,161.885,161.691,161.263,162.074,161.412,156.834,159.444,165.082,168.357,179.373,161.663
163,147.408,151.611,156.270,160.524,165.874,169.780,173.463,178.243,111.612,127.223,139.247,155.134,170.066,184.146,198.898,213.769,160.928,162.578,163.865,162.871,162.677,162.228,163.061,162.381,157.680,160.334,166.153,169.567,180.556,162.789
164,147.869,152.223,157.058,161.445,166.984,171.031,174.833,179.822,112.979,128.489,140.387,156.192,171.032,184.998,199.647,214.446,161.858,163.568,164.876,163.861,163.666,163.187,164.052,163.349,158.517,161.232,167.217,170.760,181.733,163.889
165,148.330,152.844,157.867,162.381,168.096,172.281,176.232,181.376,114.349,129.765,141.546,157.230,171.984,185.882,200.406,215.149,162.809,164.586,165.913,164.877,164.675,164.209,165.097,164.358,159.367,162.130,168.241,171.919,182.943,165.015
166,148.801,153.481,158.687,163.331,169.216,173.616,177.710,182.936,115.759,131.071,142.727,158.271,172.918,186.780,201.181,215.841,163.849,165.644,166.977,165.938,165.728,165.265,166.167,165.408,160.220,163.057,169.262,173.091,184.167,166.137
167,149.277,154.116,159.506,164.284,170.336,174.922,179.161,184.506,117.185,132.405,143.931,159.342,173.864,187.662,201.955,216.489,164.902,166.717,168.050,167.019,166.792,166.328,167.239,166.477,161.061,163.986,170.310,174.282,185.365,167.252
168,149.749,154.728,160.312,165.198,171.454,176.208,180.562,186.110,118.627,133.744,145.131,160.416,174.827,188.533,202.690,217.115,165.943,167.770,169.076,168.069,167.848,167.388,168.286,167.536,161.892,164.917,171.386,175.456,186.506,168.335
169,150.222,155.323,161.103,166.116,172.545,177.452,181.913,187.714,120.031,135.034,146.289,161.446,175.774,189.375,203.398,217.700,166.995,168.769,170.024,169.061,168.874,168.416,169.273,168.557,162.690,165.828,172.472,176.612,187.640,169.386
170,150.696,155.921,161.860,167.006,173.616,178.633,183.218,189.248,121.386,136.282,147.430,162.452,176.711,190.178,204.084,218.277,168.020,169.720,170.972,170.015,169.841,169.400,170.215,169.540,163.480,166.745,173.579,177.767,188.795,170.416
171,151.171,156.506,162.592,167.882,174.674,179.765,184.448,190.626,122.718,137.480,148.557,163.440,177.626,190.964,204.767,218.832,168.998,170.632,171.919,170.932,170.780,170.326,171.119,170.470,164.253,167.632,174.648,178.906,189.978,171.426
172,151.653,157.092,163.328,168.761,175.760,180.963,185.703,192.033,124.069,138.694,149.657,164.435,178.555,191.746,205.452,219.416,169.930,171.564,172.894,171.872,171.718,171.253,172.060,171.405,165.038,168.523,175.724,180.070,191.165,172.420
173,152.139,157.710,164.094,169.681,176.819,182.197,187.043,193.467,125.419,139.899,150.768,165.447,179.498,192.554,206.143,220.004,170.845,172.533,173.873,172.850,172.690,172.206,173.039,172.348,165.849,169.442,176.848,181.285,192.363,173.441
174,152.639,158.334,164.898,170.634,177.851,183.441,188.408,194.939,126.772,141.136,151.925,166.487,180.437,193.377,206.841,220.591,171.781,173.532,174.858,173.853,173.676,173.178,174.038,173.351,166.687,170.396,178.047,182.531,193.579,174.517
175,153.147,158.957,165.711,171.562,178.870,184.646,189.789,196.441,128.153,142.381,153.110,167.557,181.387,194.205,207.553,221.185,172.778,174.545,175.866,174.854,174.675,174.193,175.056,174.359,167.548,171.396,179.317,183.787,194.789,175.602
176,153.660,159.598,166.520,172.483,179.896,185.804,191.179,197.952,129.527,143.662,154.317,168.650,182.350,195.024,208.262,221.758,173.776,175.537,176.869,175.842,175.686,175.200,176.075,175.354,168.422,172.397,180.557,185.029,195.959,176.647
177,154.188,160.254,167.323,173.407,180.949,186.992,192.547,199.395,130.951,144.977,155.474,169.703,183.330,195.853,208.969,222.327,174.782,176.516,177.905,176.856,176.675,176.183,177.068,176.337,169.290,173.378,181.719,186.277,197.105,177.718
178,154.723,160.924,168.134,174.332,182.029,188.196,193.850,200.787,132.410,146.313,156.624,170.736,184.302,196.686,209.641,222.882,175.772,177.491,178.901,177.859,177.669,177.170,178.066,177.330,170.162,174.355,182.837,187.522,198.318,178.799
179,155.268,161.605,168.961,175.280,183.093,189.388,195.128,202.218,133.877,147.643,157.803,171.814,185.251,197.535,210.320,223.444,176.765,178.485,179.928,178.863,178.660,178.166,179.063,178.317,171.027,175.308,183.949,188.780,199.508,179.893
180,155.815,162.278,169.748,176.198,184.090,190.480,196.372,203.666,135.304,148.924,158.990,172.876,186.144,198.362,211.009,224.008,177.731,179.497,180.927,179.839,179.635,179.141,180.052,179.309,171.885,176.209,185.056,190.016,200.666,180.971
181,156.381,162.968,170.533,177.135,185.106,191.598,197.697,205.129,136.760,150.235,160.179,173.930,187.047,199.170,211.729,224.599,178.717,180.517,181.917,180.836,180.639,180.150,181.055,180.318,172.761,177.125,186.165,191.245,201.803,182.082
182,156.952,163.678,171.311,178.081,186.125,192.709,198.984,206.534,138.192,151.572,161.327,174.939,187.946,199.943,212.457,225.189,179.705,181.483,182.929,181.831,181.634,181.140,182.069,181.316,173.642,178.093,187.294,192.480,202.950,183.161
183,157.490,164.375,172.076,178.998,187.153,193.856,200.216,207.918,139.556,152.871,162.468,175.961,188.846,200.695,213.155,225.768,180.644,182.437,183.912,182.798,182.590,182.117,183.050,182.289,174.505,179.026,188.337,193.663,204.044,184.145
184,158.032,165.080,172.844,179.892,188.186,195.008,201.444,209.301,140.908,154.106,163.591,176.996,189.759,201.450,213.823,226.319,181.566,183.402,184.885,183.758,183.544,183.094,183.996,183.235,175.343,179.933,189.337,194.837,205.125,185.111
185,158.553,165.767,173.607,180.735,189.153,196.083,202.645,210.638,142.232,155.277,164.657,177.975,190.603,202.188,214.426,226.837,182.474,184.338,185.802,184.675,184.472,184.013,184.907,184.138,176.120,180.779,190.269,195.918,206.141,186.024
186,159.128,166.506,174.443,181.655,190.161,197.178,203.938,212.010,143.673,156.576,165.780,178.967,191.479,202.988,215.050,227.360,183.450,185.312,186.761,185.642,185.454,184.993,185.867,185.108,176.969,181.663,191.253,197.047,207.237,186.989
187,159.745,167.270,175.309,182.617,191.186,198.322,205.245,213.400,145.177,157.934,166.989,180.062,192.397,203.809,215.709,227.907,184.476,186.328,187.775,186.655,186.464,185.997,186.864,186.119,177.863,182.587,192.332,198.178,208.332,188.014
188,160.387,168.011,176.144,183.532,192.238,199.438,206.423,214.754,146.608,159.277,168.180,181.153,193.313,204.610,216.367,228.438,185.465,187.310,188.763,187.654,187.447,186.982,187.856,187.116,178.727,183.500,193.378,199.258,209.434,189.034
189,161.074,168.766,176.972,184.473,193.317,200.583,207.584,216.117,148.106,160.665,169.366,182.287,194.266,205.416,217.041,228.977,186.465,188.311,189.802,188.662,188.438,187.983,188.873,188.125,179.611,184.449,194.419,200.343,210.547,190.053
190,161.823,169.558,177.833,185.491,194.407,201.766,208.832,217.542,149.716,162.115,170.553,183.428,195.222,206.270,217.744,229.552,187.481,189.353,190.844,189.697,189.477,189.012,189.917,189.149,180.531,185.460,195.482,201.472,211.625,191.057
191,162.641,170.392,178.768,186.584,195.533,203.030,210.164,218.961,151.405,163.635,171.880,184.591,196.196,207.167,218.471,230.151,188.558,190.451,191.956,190.779,190.559,190.112,191.007,190.225,181.499,186.495,196.577,202.648,212.724,192.145
192,163.428,171.187,179.689,187.612,196.588,204.216,211.384,220.263,152.973,165.095,173.146,185.630,197.122,207.981,219.138,230.696,189.600,191.466,193.000,191.801,191.572,191.130,192.054,191.251,182.429,187.480,197.609,203.745,213.773,193.188
193,164.209,171.978,180.613,188.584,197.632,205.358,212.524,221.507,154.500,166.502,174.322,186.649,198.067,208.782,219.777,231.211,190.571,192.457,194.008,192.801,192.577,192.135,193.076,192.260,183.383,188.478,198.624,204.802,214.797,194.210
194,164.963,172.752,181.497,189.507,198.629,206.417,213.647,222.679,155.965,167.787,175.438,187.654,199.016,209.550,220.402,231.698,191.507,193.424,194.950,193.764,193.549,193.099,194.069,193.242,184.340,189.461,199.633,205.858,215.771,195.187
195,165.749,173.592,182.399,190.453,199.645,207.461,214.787,223.847,157.438,169.074,176.648,188.661,199.984,210.335,221.052,232.197,192.484,194.404,195.888,194.734,194.534,194.095,195.031,194.225,185.358,190.471,200.667,206.941,216.784,196.191
196,166.596,174.490,183.330,191.431,200.696,208.536,215.959,225.049,158.908,170.454,177.917,189.719,200.968,211.152,221.707,232.691,193.513,195.381,196.883,195.724,195.521,195.101,196.004,195.217,186.406,191.501,201.710,208.068,217.840,197.253
197,167.489,175.418,184.290,192.441,201.762,209.627,217.142,226.256,160.444,171.879,179.180,190.783,201.946,211.982,222.386,233.186,194.568,196.389,197.948,196.760,196.538,196.115,197.012,196.213,187.498,192.586,202.806,209.192,218.914,198.329
198,168.335,176.294,185.206,193.392,202.762,210.703,218.277,227.385,161.990,173.197,180.358,191.841,202.888,212.786,223.038,233.636,195.554,197.390,198.906,197.776,197.523,197.105,198.005,197.199,188.547,193.634,203.874,210.278,219.954,199.358
199,169.161,177.152,186.108,194.316,203.708,211.739,219.365,228.470,163.507,174.478,181.558,192.878,203.798,213.562,223.646,234.092,196.529,198.395,199.816,198.758,198.512,198.120,198.967,198.198,189.604,194.678,204.949,211.335,220.975,200.376
200,170.064,178.039,187.047,195.257,204.673,212.798,220.475,229.558,165.036,175.842,182.866,193.980,204.749,214.362,224.294,234.542,197.599,199.389,200.765,199.733,199.495,199.147,199.926,199.222,190.701,195.746,206.034,212.462,222.073,201.468
201,171.060,179.000,188.042,196.237,205.683,213.845,221.569,230.632,166.577,177.281,184.170,195.095,205.746,215.182,224.965,235.026,198.688,200.387,201.771,200.722,200.489,200.162,200.929,200.245,191.908,196.865,207.152,213.647,223.326,202.633
202,172.107,180.027,189.063,197.249,206.713,214.863,222.665,231.715,168.222,178.690,185.463,196.220,206.752,215.989,225.632,235.491,199.741,201.420,202.806,201.746,201.504,201.163,201.954,201.256,193.132,198.039,208.301,214.877,224.635,203.809
203,173.145,181.061,190.109,198.293,207.755,215.895,223.749,232.778,169.849,180.082,186.767,197.335,207.729,216.780,226.304,235.959,200.764,202.470,203.856,202.797,202.559,202.212,203.026,202.290,194.363,199.227,209.480,216.104,225.895,205.010
204,174.155,182.089,191.106,199.322,208.769,216.911,224.816,233.823,171.489,181.479,188.060,198.438,208.659,217.553,226.965,236.393,201.779,203.487,204.868,203.827,203.598,203.254,204.071,203.325,195.598,200.405,210.684,217.337,227.070,206.173
205,175.121,183.097,192.066,200.302,209.736,217.892,225.835,234.831,172.979,182.830,189.288,199.525,209.517,218.286,227.567,236.821,202.801,204.476,205.793,204.806,204.590,204.251,205.041,204.327,196.820,201.522,211.840,218.550,228.144,207.256
206,176.098,184.053,192.992,201.253,210.709,218.851,226.819,235.801,174.410,184.100,190.498,200.586,210.364,219.011,228.176,237.248,203.838,205.447,206.694,205.764,205.556,205.237,205.963,205.294,198.005,202.635,212.971,219.791,229.189,208.365
207,177.099,185.038,193.962,202.180,211.681,219.774,227.755,236.748,175.926,185.371,191.716,201.615,211.219,219.735,228.765,237.681,204.859,206.388,207.607,206.677,206.474,206.174,206.876,206.232,199.234,203.763,214.093,221.050,230.273,209.525
208,178.202,186.126,195.029,203.170,212.670,220.738,228.733,237.710,177.599,186.745,192.967,202.698,212.133,220.524,229.392,238.150,205.898,207.378,208.619,207.662,207.458,207.159,207.859,207.216,200.544,204.999,215.378,222.431,231.460,210.750
209,179.394,187.259,196.148,204.247,213.664,221.714,229.723,238.621,179.228,188.170,194.268,203.814,213.102,221.348,230.047,238.627,206.935,208.435,209.663,208.724,208.509,208.191,208.915,208.283,201.879,206.268,216.797,223.848,232.624,212.002
210,180.606,188.373,197.244,205.337,214.621,222.663,230.664,239.457,180.777,189.574,195.552,204.912,214.051,222.154,230.648,239.100,207.968,209.469,210.652,209.751,209.543,209.255,209.933,209.338,203.205,207.517,218.124,225.209,233.723,213.294
211,181.758,189.462,198.278,206.346,215.548,223.539,231.520,240.236,182.218,190.861,196.771,205.973,214.935,222.909,231.210,239.525,208.993,210.429,211.591,210.708,210.507,210.248,210.873,210.317,204.504,208.704,219.321,226.525,234.742,214.566
212,183.003,190.667,199.336,207.362,216.538,224.408,232.382,241.044,183.808,192.296,198.113,207.120,215.829,223.678,231.777,239.995,210.097,211.459,212.546,211.737,211.542,211.291,211.897,211.360,205.806,209.964,220.591,227.933,235.792,215.834
213,184.251,191.863,200.436,208.399,217.485,225.265,233.228,241.853,185.454,193.753,199.520,208.298,216.688,224.416,232.329,240.408,211.274,212.535,213.475,212.791,212.605,212.370,212.925,212.448,207.159,211.305,221.953,229.369,236.794,217.047
214,185.462,193.005,201.606,209.460,218.402,226.142,234.054,242.631,187.078,195.109,200.960,209.447,217.565,225.163,232.914,240.885,212.516,213.576,214.425,213.803,213.630,213.436,213.905,213.500,208.562,212.682,223.423,230.773,237.726,218.217
215,186.741,194.237,202.827,210.502,219.366,227.065,234.869,243.374,188.653,196.511,202.351,210.584,218.513,225.936,233.488,241.330,213.681,214.651,215.479,214.850,214.695,214.512,214.964,214.564,209.889,213.998,224.906,232.197,238.665,219.465
216,188.063,195.465,203.949,211.480,220.311,227.907,235.631,244.031,190.192,197.927,203.556,211.664,219.445,226.691,234.063,241.753,214.700,215.687,216.504,215.871,215.728,215.549,216.023,215.602,211.168,215.290,226.264,233.548,239.592,220.747
217,189.533,196.735,205.110,212.562,221.282,228.717,236.419,244.680,191.824,199.397,204.784,212.785,220.403,227.482,234.654,242.180,215.727,216.682,217.484,216.874,216.744,216.562,217.026,216.622,212.605,216.737,227.620,234.923,240.504,222.025
218,191.026,198.082,206.260,213.707,222.252,229.555,237.238,245.322,193.423,200.874,206.124,213.942,221.382,228.301,235.243,242.616,216.772,217.692,218.457,217.875,217.742,217.570,218.014,217.628,213.992,218.119,229.084,236.387,241.389,223.291
219,192.432,199.308,207.398,214.769,223.158,230.387,237.989,245.928,194.903,202.318,207.406,215.036,222.302,229.069,235.785,243.041,217.752,218.644,219.406,218.826,218.681,218.526,218.935,218.579,215.286,219.396,230.427,237.749,242.188,224.459
220,193.824,200.577,208.562,215.830,224.046,231.234,238.651,246.418,196.453,203.666,208.650,216.075,223.200,229.821,236.304,243.366,218.717,219.614,220.389,219.797,219.653,219.493,219.914,219.543,216.553,220.643,231.715,239.016,242.982,225.617
221,195.244,201.916,209.762,217.012,224.942,232.067,239.351,246.975,198.089,204.976,210.036,217.225,224.136,230.598,236.896,243.758,219.783,220.690,221.387,220.839,220.703,220.546,220.969,220.591,217.806,221.871,232.995,240.204,243.699,226.777
222,196.553,203.192,210.872,218.140,225.781,232.862,240.072,247.515,199.565,206.262,211.460,218.409,225.036,231.395,237.518,244.202,220.921,221.751,222.371,221.873,221.755,221.637,221.995,221.665,219.092,223.091,234.204,241.334,244.429,227.865
223,197.907,204.527,211.975,219.214,226.666,233.689,240.744,248.035,201.151,207.631,212.746,219.503,225.859,232.100,238.159,244.627,221.984,222.715,223.293,222.809,222.708,222.610,222.892,222.627,220.306,224.294,235.290,242.438,245.064,228.879
224,199.516,205.976,213.310,220.366,227.558,234.492,241.418,248.560,202.879,209.167,214.186,220.709,226.858,232.881,238.841,244.978,223.101,223.764,224.306,223.875,223.795,223.703,223.965,223.702,221.602,225.596,236.465,243.580,245.743,229.985
225,201.227,207.450,214.715,221.465,228.529,235.285,241.977,248.943,204.643,210.756,215.585,221.782,227.794,233.662,239.434,245.437,224.202,224.828,225.397,224.937,224.854,224.751,225.039,224.765,222.833,226.805,237.566,244.696,246.343,231.080
226,202.844,208.980,216.022,222.491,229.547,236.000,242.608,249.478,206.480,212.358,216.851,222.781,228.733,234.374,239.891,245.773,225.189,225.807,226.459,225.958,225.852,225.735,226.045,225.758,224.058,227.920,238.565,245.712,246.861,232.098
227,204.480,210.481,217.443,223.560,230.640,236.851,243.218,249.869,208.257,213.921,217.965,223.786,229.729,235.074,240.566,245.988,226.086,226.801,227.577,226.974,226.834,226.704,227.047,226.722,225.287,229.088,239.549,246.685,247.639,233.219
228,206.007,211.891,218.705,224.661,231.571,237.648,243.855,250.340,209.926,215.373,219.299,224.973,230.656,235.822,241.582,246.353,227.127,227.820,228.595,227.991,227.918,227.879,228.283,227.739,226.524,230.331,240.805,247.534,248.291,234.292
229,207.574,213.328,219.978,225.764,232.493,238.423,244.461,250.769,211.596,216.826,220.629,226.085,231.579,236.565,242.230,246.712,228.167,228.837,229.608,229.006,228.949,228.924,229.325,228.756,227.735,231.520,241.897,248.303,248.886,235.322
230,209.179,214.789,221.262,226.871,233.406,239.178,245.037,251.159,213.265,218.282,221.959,227.197,232.498,237.302,242.855,247.065,229.206,229.852,230.616,230.019,229.976,229.963,230.359,229.771,228.922,232.668,242.903,248.996,249.429,236.311
231,210.821,216.273,222.556,227.981,234.312,239.913,245.585,251.511,214.934,219.740,223.287,228.310,233.415,238.035,243.459,247.412,230.243,230.866,231.618,231.029,230.998,230.996,231.386,230.785,230.087,233.777,243.829,249.618,249.920,237.262
232,212.495,217.779,223.860,229.093,235.210,240.631,246.107,251.829,216.603,221.200,224.614,229.422,234.329,238.764,244.042,247.754,231.280,231.879,232.616,232.038,232.017,232.024,232.405,231.798,231.230,234.849,244.680,250.174,250.365,238.178
233,214.201,219.305,225.174,230.208,236.102,241.332,246.605,252.114,218.273,222.662,225.940,230.534,235.240,239.488,244.607,248.091,232.316,232.890,233.609,233.045,233.033,233.047,233.419,232.811,232.354,235.886,245.460,250.667,250.766,239.061
234,215.936,220.849,226.495,231.326,236.987,242.018,247.080,252.370,219.942,224.125,227.265,231.646,236.148,240.209,245.155,248.424,233.350,233.900,234.598,234.050,234.045,234.065,234.426,233.823,233.459,236.892,246.175,251.102,251.127,239.913
235,217.697,222.412,227.824,232.445,237.866,242.689,247.535,252.598,221.612,225.590,228.589,232.758,237.055,240.926,245.686,248.753,234.384,234.909,235.583,235.053,235.055,235.078,235.427,234.834,234.548,237.869,246.830,251.485,251.450,240.736
236,219.482,223.989,229.160,233.566,238.740,243.347,247.970,252.800,223.281,227.056,229.912,233.870,237.959,241.640,246.203,249.077,235.418,235.917,236.566,236.055,236.061,236.088,236.423,235.844,235.621,238.818,247.430,251.819,251.739,241.534
237,221.290,225.582,230.502,234.689,239.610,243.993,248.388,252.980,224.950,228.523,231.235,234.983,238.861,242.352,246.706,249.399,236.450,236.924,237.544,237.056,237.066,237.094,237.415,236.854,236.680,239.743,247.979,252.109,251.997,242.308
238,223.118,227.187,231.850,235.814,240.475,244.629,248.791,253.139,226.620,229.991,232.557,236.095,239.762,243.060,247.197,249.717,237.482,237.930,238.521,238.055,238.068,238.097,238.403,237.863,237.726,240.646,248.483,252.360,252.228,243.062
239,224.963,228.803,233.203,236.940,241.336,245.255,249.180,253.280,228.289,231.461,233.878,237.207,240.661,243.766,247.677,250.033,238.513,238.935,239.494,239.054,239.068,239.097,239.386,238.872,238.762,241.530,248.946,252.576,252.433,243.796
240,226.823,230.429,234.560,238.068,242.193,245.874,249.557,253.405,229.959,232.931,235.199,238.319,241.558,244.471,248.148,250.346,239.544,239.940,240.466,240.052,240.066,240.095,240.367,239.881,239.787,242.396,249.375,252.761,252.618,244.515
241,228.696,232.064,235.922,239.196,243.048,246.485,249.924,253.517,231.628,234.402,236.519,239.431,242.455,245.173,248.611,250.657,240.575,240.944,241.435,241.048,241.063,241.090,241.345,240.889,240.805,243.248,249.773,252.921,252.784,245.219
242,230.580,233.705,237.286,240.325,243.901,247.090,250.283,253.618,233.297,235.874,237.839,240.543,243.351,245.875,249.068,250.966,241.605,241.948,242.404,242.045,242.058,242.084,242.320,241.897,241.816,244.087,250.147,253.060,252.936,245.913
243,232.472,235.352,238.652,241.455,244.752,247.692,250.635,253.710,234.967,237.346,239.159,241.655,244.246,246.575,249.519,251.274,242.635,242.952,243.371,243.040,243.053,243.076,243.294,242.904,242.821,244.917,250.500,253.182,253.075,246.597
244,234.370,237.003,240.021,242.586,245.601,248.289,250.982,253.796,236.636,238.818,240.479,242.767,245.140,247.274,249.966,251.582,243.665,243.955,244.337,244.036,244.046,244.067,244.266,243.912,243.823,245.739,250.838,253.292,253.206,247.275
245,236.272,238.656,241.390,243.716,246.450,248.885,251.327,253.878,238.306,240.291,241.798,243.879,246.034,247.973,250.410,251.888,244.694,244.958,245.302,245.031,245.040,245.057,245.237,244.919,244.822,246.557,251.166,253.394,253.332,247.949
246,238.176,240.311,242.760,244.847,247.298,249.480,251.670,253.958,239.975,241.763,243.117,244.991,246.928,248.672,250.853,252.195,245.724,245.961,246.268,246.026,246.033,246.047,246.208,245.926,245.820,247.372,251.489,253.493,253.455,248.621
247,240.079,241.965,244.130,245.978,248.147,250.076,252.014,254.039,241.645,243.236,244.437,246.103,247.822,249.371,251.296,252.501,246.754,246.964,247.233,247.021,247.026,247.037,247.178,246.934,246.819,248.187,251.812,253.594,253.580,249.295
248,241.978,243.616,245.498,247.109,248.996,250.673,252.360,254.123,243.314,244.708,245.756,247.215,248.716,250.070,251.740,252.808,247.783,247.967,248.199,248.017,248.019,248.027,248.149,247.941,247.820,249.004,252.141,253.701,253.709,249.971
249,243.873,245.265,246.866,248.239,249.846,251.272,252.711,254.213,244.983,246.180,247.076,248.327,249.611,250.770,252.187,253.116,248.813,248.970,249.166,249.012,249.013,249.019,249.122,248.948,248.824,249.826,252.479,253.818,253.845,250.653
250,245.760,246.908,248.231,249.368,250.698,251.876,253.067,254.311,246.653,247.652,248.395,249.440,250.506,251.470,252.638,253.425,249.843,249.974,250.134,250.008,250.008,250.011,250.095,249.956,249.833,250.656,252.832,253.951,253.992,251.343
251,247.637,248.545,249.593,250.497,251.552,252.486,253.431,254.419,248.322,249.123,249.715,250.552,251.403,252.173,253.094,253.735,250.874,250.978,251.103,251.005,251.003,251.004,251.071,250.964,250.848,251.495,253.205,254.103,254.153,252.044
252,249.502,250.175,250.951,251.625,252.409,253.101,253.804,254.539,249.992,250.594,251.036,251.664,252.300,252.876,253.557,254.048,251.905,251.982,252.074,252.002,252.000,252.000,252.048,251.972,251.871,252.347,253.604,254.280,254.331,252.757
253,251.352,251.794,252.306,252.751,253.269,253.725,254.189,254.675,251.661,252.064,252.357,252.776,253.198,253.582,254.028,254.362,252.936,252.987,253.047,253.000,252.998,252.997,253.029,252.981,252.903,253.213,254.032,254.485,254.530,253.486
254,253.185,253.403,253.656,253.876,254.132,254.357,254.587,254.827,253.331,253.532,253.678,253.888,254.098,254.290,254.509,254.680,253.968,253.993,254.022,254.000,253.998,253.997,254.013,253.990,253.945,254.097,254.496,254.723,254.752,254.233
255,255.000,255.000,255.000,255.000,255.000,255.000,255.000,255.000,255.000,255.000,255.000,255.000,255.000,255.000,255.000,255.000,255.000,255.000,255.000,255.000,255.000,255.000,255.000,255.000,255.000,255.000,255.000,255.000,255.000,255.000
